{
  "parent": "minecraft:item/generated",
  "textures": {
    "layer0": "minecraft:item/candle"
  },
  "overrides": [
    {
      "model": "ld:block/milkweed",
      "predicate": { "custom_model_data": 1440001 }
    },
    {
      "model": "ld:block/drink1",
      "predicate": { "custom_model_data": 1440005 }
    },
    {
      "model": "ld:block/drink2",
      "predicate": { "custom_model_data": 1440006 }
    },
    {
      "model": "ld:block/drink3",
      "predicate": { "custom_model_data": 1440007 }
    }
  ]
}