{
	"textures": {
		"0": "animated_java:item/aquamarine_dagger/aquamarine_dagger_skill"
	},
	"elements": [
		{
			"from": [
				8,
				4,
				8
			],
			"to": [
				9,
				22,
				8.5
			],
			"rotation": {
				"angle": 0,
				"axis": "y",
				"origin": [
					8,
					4,
					9
				]
			},
			"faces": {
				"north": {
					"uv": [
						7.5,
						0,
						8.5,
						14
					],
					"texture": "#0"
				},
				"east": {
					"uv": [
						8.5,
						0,
						7.5,
						14
					],
					"texture": "#0"
				},
				"south": {
					"uv": [
						7.5,
						0,
						8.5,
						14
					],
					"texture": "#0"
				},
				"west": {
					"uv": [
						8.5,
						0,
						7.5,
						14
					],
					"texture": "#0"
				}
			}
		},
		{
			"from": [
				5,
				9.1,
				8.01
			],
			"to": [
				12,
				9.9,
				8.49
			],
			"rotation": {
				"angle": 0,
				"axis": "y",
				"origin": [
					8,
					4,
					9
				]
			},
			"faces": {
				"north": {
					"uv": [
						4.5,
						8.5,
						11.5,
						9.33333
					],
					"texture": "#0"
				},
				"east": {
					"uv": [
						4,
						8.5,
						4.66667,
						9.33333
					],
					"texture": "#0"
				},
				"south": {
					"uv": [
						4.5,
						8.5,
						11.5,
						9.33333
					],
					"texture": "#0"
				},
				"west": {
					"uv": [
						4,
						8.5,
						4.66667,
						9.33333
					],
					"texture": "#0"
				},
				"up": {
					"uv": [
						11.5,
						9.33333,
						4.5,
						8.5
					],
					"texture": "#0"
				},
				"down": {
					"uv": [
						11.5,
						8.5,
						4.5,
						9.33333
					],
					"texture": "#0"
				}
			}
		},
		{
			"from": [
				18.4,
				23.606,
				8
			],
			"to": [
				19.11,
				24.316,
				8.5
			],
			"rotation": {
				"angle": 45,
				"axis": "z",
				"origin": [
					16,
					10.6,
					17
				]
			},
			"faces": {
				"north": {
					"uv": [
						7.5,
						0,
						8.5,
						1
					],
					"rotation": 270,
					"texture": "#0"
				},
				"east": {
					"uv": [
						8.5,
						1,
						7.5,
						0
					],
					"rotation": 90,
					"texture": "#0"
				},
				"south": {
					"uv": [
						7.5,
						0,
						8.5,
						1
					],
					"rotation": 90,
					"texture": "#0"
				},
				"west": {
					"uv": [
						8.5,
						0,
						7.5,
						1
					],
					"rotation": 90,
					"texture": "#0"
				},
				"up": {
					"uv": [
						7.5,
						0,
						8.5,
						1
					],
					"rotation": 90,
					"texture": "#0"
				},
				"down": {
					"uv": [
						7.5,
						0,
						8.5,
						1
					],
					"rotation": 90,
					"texture": "#0"
				}
			}
		},
		{
			"from": [
				5.67,
				10.88,
				7.98
			],
			"to": [
				6.67,
				11.88,
				8.52
			],
			"rotation": {
				"angle": 45,
				"axis": "z",
				"origin": [
					16,
					10.6,
					17
				]
			},
			"faces": {
				"north": {
					"uv": [
						2.66667,
						13.333329999999998,
						5.33333,
						16
					],
					"rotation": 270,
					"texture": "#0"
				},
				"east": {
					"uv": [
						8.5,
						13.666670000000002,
						7.5,
						12.666670000000002
					],
					"rotation": 90,
					"texture": "#0"
				},
				"south": {
					"uv": [
						5.33333,
						13.333329999999998,
						2.66667,
						16
					],
					"rotation": 90,
					"texture": "#0"
				},
				"west": {
					"uv": [
						8.5,
						12.666670000000002,
						7.5,
						13.666670000000002
					],
					"rotation": 90,
					"texture": "#0"
				},
				"up": {
					"uv": [
						7.5,
						12.666670000000002,
						8.5,
						13.666670000000002
					],
					"rotation": 90,
					"texture": "#0"
				},
				"down": {
					"uv": [
						7.5,
						12.666670000000002,
						8.5,
						13.666670000000002
					],
					"rotation": 90,
					"texture": "#0"
				}
			}
		},
		{
			"from": [
				4.5,
				9,
				8
			],
			"to": [
				5.75,
				10,
				8.5
			],
			"rotation": {
				"angle": 0,
				"axis": "y",
				"origin": [
					8,
					8,
					8
				]
			},
			"faces": {
				"north": {
					"uv": [
						4.66667,
						8.5,
						5.91667,
						9.33333
					],
					"texture": "#0"
				},
				"east": {
					"uv": [
						7.83333,
						12.666670000000002,
						8.33333,
						13.666670000000002
					],
					"texture": "#0"
				},
				"south": {
					"uv": [
						4.66667,
						8.5,
						5.91667,
						9.33333
					],
					"texture": "#0"
				},
				"west": {
					"uv": [
						4,
						8.5,
						4.66667,
						9.33333
					],
					"texture": "#0"
				},
				"up": {
					"uv": [
						4.66667,
						8.66667,
						5.91667,
						9.16667
					],
					"texture": "#0"
				},
				"down": {
					"uv": [
						4.66667,
						8.66667,
						5.91667,
						9.16667
					],
					"texture": "#0"
				}
			}
		},
		{
			"from": [
				11,
				9,
				8
			],
			"to": [
				12.25,
				10,
				8.5
			],
			"rotation": {
				"angle": 0,
				"axis": "y",
				"origin": [
					8,
					8,
					8
				]
			},
			"faces": {
				"north": {
					"uv": [
						10,
						8.5,
						11.25,
						9.33333
					],
					"texture": "#0"
				},
				"east": {
					"uv": [
						11.333329999999998,
						8.5,
						12,
						9.33333
					],
					"texture": "#0"
				},
				"south": {
					"uv": [
						10,
						8.5,
						11.25,
						9.33333
					],
					"texture": "#0"
				},
				"west": {
					"uv": [
						10.666670000000002,
						8.5,
						11.333329999999998,
						9.33333
					],
					"texture": "#0"
				},
				"up": {
					"uv": [
						10,
						8.66667,
						11.25,
						9.16667
					],
					"texture": "#0"
				},
				"down": {
					"uv": [
						10,
						8.66667,
						11.25,
						9.16667
					],
					"texture": "#0"
				}
			}
		}
	],
	"display": {
		"head": {
			"rotation": [
				0,
				180,
				0
			]
		}
	}
}