{
	"credit": "Made with Blockbench",
	"textures": {
		"0": "ld:item/antspur_rapier",
		"particle": "ld:item/antspur_rapier"
	},
	"elements": [
		{
			"from": [8.15, 1.8, 7.5],
			"to": [8.15, 3.8, 9],
			"faces": {
				"north": {"uv": [0, 0, 0, 2], "texture": "#0"},
				"east": {"uv": [0, 0, 1.5, 2], "texture": "#0"},
				"south": {"uv": [0, 0, 0, 2], "texture": "#0"},
				"west": {"uv": [0, 2, 1.5, 4], "texture": "#0"},
				"up": {"uv": [0, 1.5, 0, 0], "texture": "#0"},
				"down": {"uv": [0, 0, 0, 1.5], "texture": "#0"}
			}
		},
		{
			"from": [8, 7, 8],
			"to": [8.3, 12, 8.3],
			"faces": {
				"north": {"uv": [2, 0, 2.25, 5], "texture": "#0"},
				"east": {"uv": [3, 0, 3.25, 5], "texture": "#0"},
				"south": {"uv": [0, 4, 0.25, 9], "texture": "#0"},
				"west": {"uv": [4, 0, 4.25, 5], "texture": "#0"},
				"up": {"uv": [9.25, 4.25, 9, 4], "texture": "#0"},
				"down": {"uv": [5.25, 9, 5, 9.25], "texture": "#0"}
			}
		},
		{
			"from": [8.05, 12, 8.05],
			"to": [8.25, 14, 8.25],
			"faces": {
				"north": {"uv": [1, 5, 1.25, 7], "texture": "#0"},
				"east": {"uv": [5, 1, 5.25, 3], "texture": "#0"},
				"south": {"uv": [2, 5, 2.25, 7], "texture": "#0"},
				"west": {"uv": [3, 5, 3.25, 7], "texture": "#0"},
				"up": {"uv": [9.25, 5.25, 9, 5], "texture": "#0"},
				"down": {"uv": [6.25, 9, 6, 9.25], "texture": "#0"}
			}
		},
		{
			"from": [8.1, 14, 8.1],
			"to": [8.2, 15, 8.2],
			"faces": {
				"north": {"uv": [7, 8, 7.125, 9], "texture": "#0"},
				"east": {"uv": [8, 7, 8.125, 8], "texture": "#0"},
				"south": {"uv": [8, 8, 8.125, 9], "texture": "#0"},
				"west": {"uv": [0, 9, 0.125, 10], "texture": "#0"},
				"up": {"uv": [6.125, 10.125, 6, 10], "texture": "#0"},
				"down": {"uv": [10.125, 6, 10, 6.125], "texture": "#0"}
			}
		},
		{
			"from": [8.05, 6.3, 8.05],
			"to": [8.25, 7, 8.25],
			"faces": {
				"north": {"uv": [7, 7, 7.25, 7.75], "texture": "#0"},
				"east": {"uv": [8, 0, 8.25, 0.75], "texture": "#0"},
				"south": {"uv": [1, 8, 1.25, 8.75], "texture": "#0"},
				"west": {"uv": [8, 1, 8.25, 1.75], "texture": "#0"},
				"up": {"uv": [9.25, 6.25, 9, 6], "texture": "#0"},
				"down": {"uv": [7.25, 9, 7, 9.25], "texture": "#0"}
			}
		},
		{
			"from": [7.9, 3.5, 7.9],
			"to": [8.4, 3.65, 8.4],
			"faces": {
				"north": {"uv": [9, 7, 9.5, 7.125], "texture": "#0"},
				"east": {"uv": [8, 9, 8.5, 9.125], "texture": "#0"},
				"south": {"uv": [9, 8, 9.5, 8.125], "texture": "#0"},
				"west": {"uv": [9, 9, 9.5, 9.125], "texture": "#0"},
				"up": {"uv": [7.5, 2.5, 7, 2], "texture": "#0"},
				"down": {"uv": [3.5, 7, 3, 7.5], "texture": "#0"}
			}
		},
		{
			"from": [7.975, 3.9, 7.975],
			"to": [8.325, 5.15, 8.325],
			"faces": {
				"north": {"uv": [6, 2, 6.375, 3.25], "texture": "#0"},
				"east": {"uv": [6, 4, 6.375, 5.25], "texture": "#0"},
				"south": {"uv": [6, 6, 6.375, 7.25], "texture": "#0"},
				"west": {"uv": [7, 0, 7.375, 1.25], "texture": "#0"},
				"up": {"uv": [2.375, 8.375, 2, 8], "texture": "#0"},
				"down": {"uv": [8.375, 2, 8, 2.375], "texture": "#0"}
			}
		},
		{
			"from": [7.95, 6.15, 7.95],
			"to": [8.35, 6.3, 8.35],
			"faces": {
				"north": {"uv": [4, 10, 4.375, 10.125], "texture": "#0"},
				"east": {"uv": [10, 4, 10.375, 4.125], "texture": "#0"},
				"south": {"uv": [5, 10, 5.375, 10.125], "texture": "#0"},
				"west": {"uv": [10, 5, 10.375, 5.125], "texture": "#0"},
				"up": {"uv": [3.375, 8.375, 3, 8], "texture": "#0"},
				"down": {"uv": [8.375, 3, 8, 3.375], "texture": "#0"}
			}
		},
		{
			"from": [8, 5.3, 8],
			"to": [8.3, 6.15, 8.3],
			"faces": {
				"north": {"uv": [7, 4, 7.25, 4.875], "texture": "#0"},
				"east": {"uv": [5, 7, 5.25, 7.875], "texture": "#0"},
				"south": {"uv": [7, 5, 7.25, 5.875], "texture": "#0"},
				"west": {"uv": [7, 6, 7.25, 6.875], "texture": "#0"},
				"up": {"uv": [0.25, 10.25, 0, 10], "texture": "#0"},
				"down": {"uv": [10.25, 0, 10, 0.25], "texture": "#0"}
			}
		},
		{
			"from": [8.025, 1.8, 8.025],
			"to": [8.275, 3.8, 8.275],
			"faces": {
				"north": {"uv": [5, 3, 5.25, 5], "texture": "#0"},
				"east": {"uv": [4, 5, 4.25, 7], "texture": "#0"},
				"south": {"uv": [5, 5, 5.25, 7], "texture": "#0"},
				"west": {"uv": [6, 0, 6.25, 2], "texture": "#0"},
				"up": {"uv": [1.25, 10.25, 1, 10], "texture": "#0"},
				"down": {"uv": [10.25, 1, 10, 1.25], "texture": "#0"}
			}
		},
		{
			"from": [7.8, 3.75, 7.8],
			"to": [8.5, 3.9, 8.5],
			"faces": {
				"north": {"uv": [9, 0, 9.75, 0.125], "texture": "#0"},
				"east": {"uv": [1, 9, 1.75, 9.125], "texture": "#0"},
				"south": {"uv": [9, 1, 9.75, 1.125], "texture": "#0"},
				"west": {"uv": [2, 9, 2.75, 9.125], "texture": "#0"},
				"up": {"uv": [1.75, 4.75, 1, 4], "texture": "#0"},
				"down": {"uv": [5.75, 0, 5, 0.75], "texture": "#0"}
			}
		},
		{
			"from": [7.85, 3.6, 7.85],
			"to": [8.45, 3.75, 8.45],
			"faces": {
				"north": {"uv": [9, 2, 9.625, 2.125], "texture": "#0"},
				"east": {"uv": [3, 9, 3.625, 9.125], "texture": "#0"},
				"south": {"uv": [9, 3, 9.625, 3.125], "texture": "#0"},
				"west": {"uv": [4, 9, 4.625, 9.125], "texture": "#0"},
				"up": {"uv": [1.625, 7.625, 1, 7], "texture": "#0"},
				"down": {"uv": [2.625, 7, 2, 7.625], "texture": "#0"}
			}
		},
		{
			"from": [7.9, 5.15, 7.9],
			"to": [8.4, 5.3, 8.4],
			"faces": {
				"north": {"uv": [2, 10, 2.5, 10.125], "texture": "#0"},
				"east": {"uv": [10, 2, 10.5, 2.125], "texture": "#0"},
				"south": {"uv": [3, 10, 3.5, 10.125], "texture": "#0"},
				"west": {"uv": [10, 3, 10.5, 3.125], "texture": "#0"},
				"up": {"uv": [7.5, 3.5, 7, 3], "texture": "#0"},
				"down": {"uv": [4.5, 7, 4, 7.5], "texture": "#0"}
			}
		},
		{
			"from": [7.975, 1.5, 7.975],
			"to": [8.325, 1.85, 8.325],
			"faces": {
				"north": {"uv": [4, 8, 4.375, 8.375], "texture": "#0"},
				"east": {"uv": [8, 4, 8.375, 4.375], "texture": "#0"},
				"south": {"uv": [5, 8, 5.375, 8.375], "texture": "#0"},
				"west": {"uv": [8, 5, 8.375, 5.375], "texture": "#0"},
				"up": {"uv": [6.375, 8.375, 6, 8], "texture": "#0"},
				"down": {"uv": [8.375, 6, 8, 6.375], "texture": "#0"}
			}
		}
	],
	"display": {
		"thirdperson_righthand": {
			"rotation": [0, 180, 0],
			"translation": [-2.5, 8, 2.5],
			"scale": [1.5, 1.5, 1.5]
		},
		"thirdperson_lefthand": {
			"translation": [-2.5, 8, 2.5],
			"scale": [1.5, 1.5, 1.5]
		},
		"firstperson_righthand": {
			"rotation": [-26, 180, 0],
			"translation": [3, 9, -0.75],
			"scale": [1.5, 1.5, 1.5]
		},
		"firstperson_lefthand": {
			"rotation": [-26, 0, 0],
			"translation": [2.5, 9, -0.75],
			"scale": [1.5, 1.5, 1.5]
		},
		"ground": {
			"translation": [0, 6.75, 0],
			"scale": [1.5, 1.5, 1.5]
		},
		"gui": {
			"rotation": [0, 0, -45],
			"scale": [1.5, 1.5, 1.5]
		},
		"fixed": {
			"rotation": [0, 180, -45],
			"scale": [1.5, 1.5, 1.5]
		}
	},
	"groups": [
		{
			"name": "group",
			"origin": [0, 0, 0],
			"color": 0,
			"nbt": "{}",
			"children": [0, 1, 2, 3, 4, 5, 6, 7, 8, 9, 10, 11, 12, 13]
		}
	]
}