{
	"credit": "Made with Blockbench",
	"parent": "item/generated",
	"textures": {
		"layer0": "ld:item/aquamarine_dagger"
	},
	"display": {
		"thirdperson_righthand": {
			"translation": [0, 3.75, 1.75],
			"scale": [1, 1, 0.5]
		},
		"thirdperson_lefthand": {
			"translation": [0, 3.75, 1.75],
			"scale": [1, 1, 0.5]
		},
		"firstperson_righthand": {
			"rotation": [-22.5, -70, 3],
			"translation": [0, 4, 0],
			"scale": [1, 1, 0.5]
		},
		"firstperson_lefthand": {
			"rotation": [-22.5, -70, 3],
			"translation": [0, 4, 0],
			"scale": [1, 1, 0.5]
		},
		"ground": {
			"translation": [0, 4.75, 0],
			"scale": [1, 1, 0.5]
		},
		"gui": {
			"scale": [1, 1, 0.5]
		},
		"head": {
			"scale": [1, 1, 0.5]
		},
		"fixed": {
			"rotation": [0, 180, 0],
			"scale": [1, 1, 0.5]
		}
	}
}