{
	"credit": "Made with Blockbench",
	"parent": "minecraft:item/generated",
	"textures": {
		"layer0": "ld:item/arbalest"
	},
	"display": {
		"thirdperson_righthand": {
			"rotation": [0, 0, -45],
			"translation": [0, 6.5, 1.25],
			"scale": [1.5, 1.5, 1]
		},
		"thirdperson_lefthand": {
			"rotation": [0, 0, 45],
			"translation": [0, 6.5, 1.25],
			"scale": [1.5, 1.5, 1]
		},
		"firstperson_righthand": {
			"rotation": [-85, 0, -35],
			"translation": [2.5, 2.75, 0]
		},
		"firstperson_lefthand": {
			"rotation": [-85, 0, 55],
			"translation": [-0.25, 3, 0]
		},
		"ground": {
			"translation": [0, 4.5, 0]
		}
	}
}