{
	"credit": "Made with Blockbench",
	"parent": "minecraft:item/generated",
	"textures": {
		"layer0": "ld:item/bewitching_branch"
	},
	"display": {
		"thirdperson_righthand": {
			"rotation": [0, 0, 27],
			"translation": [0, 4.5, 2.25],
			"scale": [1.5, 1.5, 0.5]
		},
		"thirdperson_lefthand": {
			"rotation": [0, 0, -27],
			"translation": [0, 4.5, 2.25],
			"scale": [1.5, 1.5, 0.5]
		},
		"firstperson_righthand": {
			"rotation": [0, 110, 14],
			"translation": [1.5, 3.5, 0],
			"scale": [1, 1, 0.5]
		},
		"firstperson_lefthand": {
			"rotation": [0, -39, 0],
			"translation": [1.5, 4, 0]
		},
		"ground": {
			"translation": [0, 4.25, 0],
			"scale": [1.5, 1.5, 0.5]
		},
		"gui": {
			"scale": [1.5, 1, 0.5]
		},
		"fixed": {
			"rotation": [0, 180, 0],
			"scale": [1.5, 1, 0.5]
		}
	}
}