{
	"credit": "Made with Blockbench",
	"parent": "minecraft:item/generated",
	"textures": {
		"layer0": "ld:item/bewitching_branch_used"
	},
	"display": {
		"thirdperson_righthand": {
			"translation": [0, 4.5, 2.25],
			"scale": [1.5, 1.5, 0.5]
		},
		"thirdperson_lefthand": {
			"translation": [0, 4.5, 2.25],
			"scale": [1.5, 1.5, 0.5]
		},
		"firstperson_righthand": {
			"rotation": [0, 110, -17],
			"translation": [1.5, 5.5, 0],
			"scale": [1, 1, 0.5]
		},
		"firstperson_lefthand": {
			"rotation": [0, -39, 9],
			"translation": [1.5, 6, 0]
		},
		"ground": {
			"translation": [0, 8.5, 0],
			"scale": [1.5, 1.5, 0.5]
		},
		"gui": {
			"scale": [1, 1, 0.5]
		},
		"fixed": {
			"rotation": [0, 180, 0],
			"scale": [1, 1, 0.5]
		}
	}
}