{
	"credit": "Made with Blockbench",
	"parent": "item/generated",
	"textures": {
		"layer0": "ld:item/black_blade"
	},
	"display": {
		"thirdperson_righthand": {
			"rotation": [90, -90, -45],
			"translation": [0, 18, 2.25],
			"scale": [2.5, 2.5, 1]
		},
		"thirdperson_lefthand": {
			"rotation": [180, 90, -45],
			"translation": [0, 18, 2.25],
			"scale": [2.5, 2.5, 1]
		},
		"firstperson_righthand": {
			"rotation": [-180, -124, 62],
			"translation": [-1.5, 10.25, -1.5],
			"scale": [1.5, 1.5, 1]
		},
		"firstperson_lefthand": {
			"rotation": [107, -97, -78],
			"translation": [0, 11.5, -1.75],
			"scale": [1.5, 1.5, 1]
		},
		"ground": {
			"translation": [0, 4.75, 0],
			"scale": [1, 1, 0.5]
		},
		"fixed": {
			"rotation": [0, -180, 0]
		}
	}
}