{
	"credit": "Made with Blockbench",
	"texture_size": [64, 64],
	"textures": {
		"0": "ld:item/brass_shield"
	},
	"elements": [
		{
			"from": [5, 8, 6],
			"to": [6, 10, 8],
			"faces": {
				"north": {"uv": [6.25, 7.75, 6.5, 8.25], "texture": "#0"},
				"east": {"uv": [6.25, 3.5, 6.75, 4], "texture": "#0"},
				"south": {"uv": [6.5, 7.75, 6.75, 8.25], "texture": "#0"},
				"west": {"uv": [6.25, 4, 6.75, 4.5], "texture": "#0"},
				"up": {"uv": [7, 8.25, 6.75, 7.75], "texture": "#0"},
				"down": {"uv": [7.25, 7.75, 7, 8.25], "texture": "#0"}
			}
		},
		{
			"from": [3, 12, 5],
			"to": [13, 14, 6],
			"faces": {
				"north": {"uv": [0, 1, 2.5, 1.5], "texture": "#0"},
				"east": {"uv": [6.5, 0, 6.75, 0.5], "texture": "#0"},
				"south": {"uv": [0, 1.5, 2.5, 2], "texture": "#0"},
				"west": {"uv": [6.5, 0.5, 6.75, 1], "texture": "#0"},
				"up": {"uv": [4, 3.5, 1.5, 3.25], "texture": "#0"},
				"down": {"uv": [4, 3.5, 1.5, 3.75], "texture": "#0"}
			}
		},
		{
			"from": [1, 12, 6],
			"to": [3, 14, 7],
			"faces": {
				"north": {"uv": [2.25, 4.75, 2.75, 5.25], "texture": "#0"},
				"east": {"uv": [6.5, 1, 6.75, 1.5], "texture": "#0"},
				"south": {"uv": [2.75, 5, 3.25, 5.5], "texture": "#0"},
				"west": {"uv": [6.5, 1.5, 6.75, 2], "texture": "#0"},
				"up": {"uv": [6.25, 4.25, 5.75, 4], "texture": "#0"},
				"down": {"uv": [7, 2, 6.5, 2.25], "texture": "#0"}
			}
		},
		{
			"from": [2, 10, 6],
			"to": [4, 12, 7],
			"faces": {
				"north": {"uv": [3.25, 5, 3.75, 5.5], "texture": "#0"},
				"east": {"uv": [2.5, 6.5, 2.75, 7], "texture": "#0"},
				"south": {"uv": [5, 3.25, 5.5, 3.75], "texture": "#0"},
				"west": {"uv": [2.75, 6.5, 3, 7], "texture": "#0"},
				"up": {"uv": [7, 2.5, 6.5, 2.25], "texture": "#0"},
				"down": {"uv": [3.5, 6.5, 3, 6.75], "texture": "#0"}
			}
		},
		{
			"from": [0, 10, 7],
			"to": [2, 12, 8],
			"faces": {
				"north": {"uv": [3.75, 5, 4.25, 5.5], "texture": "#0"},
				"east": {"uv": [3.5, 6.5, 3.75, 7], "texture": "#0"},
				"south": {"uv": [4.25, 5, 4.75, 5.5], "texture": "#0"},
				"west": {"uv": [3.75, 6.5, 4, 7], "texture": "#0"},
				"up": {"uv": [7, 3.5, 6.5, 3.25], "texture": "#0"},
				"down": {"uv": [4.5, 6.5, 4, 6.75], "texture": "#0"}
			}
		},
		{
			"from": [-1, 12, 8],
			"to": [0, 14, 9],
			"faces": {
				"north": {"uv": [4.5, 6.5, 4.75, 7], "texture": "#0"},
				"east": {"uv": [4.75, 6.5, 5, 7], "texture": "#0"},
				"south": {"uv": [6, 6.5, 6.25, 7], "texture": "#0"},
				"west": {"uv": [6.5, 6.25, 6.75, 6.75], "texture": "#0"},
				"up": {"uv": [3, 5, 2.75, 4.75], "texture": "#0"},
				"down": {"uv": [5.25, 3.75, 5, 4], "texture": "#0"}
			}
		},
		{
			"from": [3, 8, 6],
			"to": [5, 10, 7],
			"faces": {
				"north": {"uv": [4.75, 5, 5.25, 5.5], "texture": "#0"},
				"east": {"uv": [6.75, 0, 7, 0.5], "texture": "#0"},
				"south": {"uv": [0, 5.25, 0.5, 5.75], "texture": "#0"},
				"west": {"uv": [6.75, 0.5, 7, 1], "texture": "#0"},
				"up": {"uv": [1.25, 7, 0.75, 6.75], "texture": "#0"},
				"down": {"uv": [7.25, 1, 6.75, 1.25], "texture": "#0"}
			}
		},
		{
			"from": [1, 8, 7],
			"to": [3, 10, 8],
			"faces": {
				"north": {"uv": [0.5, 5.25, 1, 5.75], "texture": "#0"},
				"east": {"uv": [1.25, 6.75, 1.5, 7.25], "texture": "#0"},
				"south": {"uv": [1, 5.25, 1.5, 5.75], "texture": "#0"},
				"west": {"uv": [6.75, 1.25, 7, 1.75], "texture": "#0"},
				"up": {"uv": [2, 7, 1.5, 6.75], "texture": "#0"},
				"down": {"uv": [7.25, 1.75, 6.75, 2], "texture": "#0"}
			}
		},
		{
			"from": [3, 6, 6],
			"to": [5, 8, 7],
			"faces": {
				"north": {"uv": [1.5, 5.25, 2, 5.75], "texture": "#0"},
				"east": {"uv": [2, 6.75, 2.25, 7.25], "texture": "#0"},
				"south": {"uv": [2, 5.25, 2.5, 5.75], "texture": "#0"},
				"west": {"uv": [2.25, 6.75, 2.5, 7.25], "texture": "#0"},
				"up": {"uv": [7.25, 2.75, 6.75, 2.5], "texture": "#0"},
				"down": {"uv": [7.25, 2.75, 6.75, 3], "texture": "#0"}
			}
		},
		{
			"from": [1, 6, 7],
			"to": [3, 8, 8],
			"faces": {
				"north": {"uv": [5.25, 2.75, 5.75, 3.25], "texture": "#0"},
				"east": {"uv": [3, 6.75, 3.25, 7.25], "texture": "#0"},
				"south": {"uv": [5.25, 3.75, 5.75, 4.25], "texture": "#0"},
				"west": {"uv": [3.25, 6.75, 3.5, 7.25], "texture": "#0"},
				"up": {"uv": [7.25, 3.75, 6.75, 3.5], "texture": "#0"},
				"down": {"uv": [7.25, 3.75, 6.75, 4], "texture": "#0"}
			}
		},
		{
			"from": [5, 5, 6],
			"to": [6, 6, 7],
			"faces": {
				"north": {"uv": [2.5, 5.25, 2.75, 5.5], "texture": "#0"},
				"east": {"uv": [5.5, 3.5, 5.75, 3.75], "texture": "#0"},
				"south": {"uv": [6, 2.5, 6.25, 2.75], "texture": "#0"},
				"west": {"uv": [7.75, 1.25, 8, 1.5], "texture": "#0"},
				"up": {"uv": [8, 2.5, 7.75, 2.25], "texture": "#0"},
				"down": {"uv": [8, 6.25, 7.75, 6.5], "texture": "#0"}
			}
		},
		{
			"from": [3, 2, 8],
			"to": [4, 4, 9],
			"faces": {
				"north": {"uv": [4, 6.75, 4.25, 7.25], "texture": "#0"},
				"east": {"uv": [6.75, 4, 7, 4.5], "texture": "#0"},
				"south": {"uv": [4.25, 6.75, 4.5, 7.25], "texture": "#0"},
				"west": {"uv": [6.25, 6.75, 6.5, 7.25], "texture": "#0"},
				"up": {"uv": [8, 7.25, 7.75, 7], "texture": "#0"},
				"down": {"uv": [7.5, 7.75, 7.25, 8], "texture": "#0"}
			}
		},
		{
			"from": [4, 10, 5],
			"to": [12, 12, 6],
			"faces": {
				"north": {"uv": [0, 2, 2, 2.5], "texture": "#0"},
				"east": {"uv": [6.75, 6.25, 7, 6.75], "texture": "#0"},
				"south": {"uv": [2, 2, 4, 2.5], "texture": "#0"},
				"west": {"uv": [6.5, 6.75, 6.75, 7.25], "texture": "#0"},
				"up": {"uv": [6, 1.5, 4, 1.25], "texture": "#0"},
				"down": {"uv": [6, 1.5, 4, 1.75], "texture": "#0"}
			}
		},
		{
			"from": [5, 6, 5],
			"to": [11, 8, 6],
			"faces": {
				"north": {"uv": [1.5, 2.5, 3, 3], "texture": "#0"},
				"east": {"uv": [6.75, 6.75, 7, 7.25], "texture": "#0"},
				"south": {"uv": [2.5, 1.5, 4, 2], "texture": "#0"},
				"west": {"uv": [7, 0, 7.25, 0.5], "texture": "#0"},
				"up": {"uv": [1.5, 4.75, 0, 4.5], "texture": "#0"},
				"down": {"uv": [3, 4.5, 1.5, 4.75], "texture": "#0"}
			}
		},
		{
			"from": [6, 4, 6],
			"to": [10, 6, 7],
			"faces": {
				"north": {"uv": [4, 1.75, 5, 2.25], "texture": "#0"},
				"east": {"uv": [7, 0.5, 7.25, 1], "texture": "#0"},
				"south": {"uv": [2.5, 4, 3.5, 4.5], "texture": "#0"},
				"west": {"uv": [0.75, 7, 1, 7.5], "texture": "#0"},
				"up": {"uv": [2.5, 4.5, 1.5, 4.25], "texture": "#0"},
				"down": {"uv": [6.25, 4.25, 5.25, 4.5], "texture": "#0"}
			}
		},
		{
			"from": [4, 2, 7],
			"to": [7, 4, 8],
			"faces": {
				"north": {"uv": [4.5, 2.75, 5.25, 3.25], "texture": "#0"},
				"east": {"uv": [1, 7, 1.25, 7.5], "texture": "#0"},
				"south": {"uv": [3, 4.5, 3.75, 5], "texture": "#0"},
				"west": {"uv": [7, 1.25, 7.25, 1.75], "texture": "#0"},
				"up": {"uv": [7, 3.25, 6.25, 3], "texture": "#0"},
				"down": {"uv": [7, 4.5, 6.25, 4.75], "texture": "#0"}
			}
		},
		{
			"from": [7, 1, 7],
			"to": [9, 2, 8],
			"faces": {
				"north": {"uv": [1.5, 7, 2, 7.25], "texture": "#0"},
				"east": {"uv": [7.75, 7.25, 8, 7.5], "texture": "#0"},
				"south": {"uv": [7, 2, 7.5, 2.25], "texture": "#0"},
				"west": {"uv": [7.5, 7.75, 7.75, 8], "texture": "#0"},
				"up": {"uv": [7.5, 2.5, 7, 2.25], "texture": "#0"},
				"down": {"uv": [3, 7, 2.5, 7.25], "texture": "#0"}
			}
		},
		{
			"from": [3, 4, 7],
			"to": [6, 6, 8],
			"faces": {
				"north": {"uv": [3.75, 4.5, 4.5, 5], "texture": "#0"},
				"east": {"uv": [7, 3, 7.25, 3.5], "texture": "#0"},
				"south": {"uv": [4.5, 4, 5.25, 4.5], "texture": "#0"},
				"west": {"uv": [3.5, 7, 3.75, 7.5], "texture": "#0"},
				"up": {"uv": [7, 5, 6.25, 4.75], "texture": "#0"},
				"down": {"uv": [7, 5, 6.25, 5.25], "texture": "#0"}
			}
		},
		{
			"from": [2, 4, 8],
			"to": [4, 6, 9],
			"faces": {
				"north": {"uv": [5.25, 4.5, 5.75, 5], "texture": "#0"},
				"east": {"uv": [3.75, 7, 4, 7.5], "texture": "#0"},
				"south": {"uv": [5.25, 5, 5.75, 5.5], "texture": "#0"},
				"west": {"uv": [7, 4, 7.25, 4.5], "texture": "#0"},
				"up": {"uv": [5, 7.25, 4.5, 7], "texture": "#0"},
				"down": {"uv": [7.5, 4.5, 7, 4.75], "texture": "#0"}
			}
		},
		{
			"from": [7, 2, 6],
			"to": [9, 4, 7],
			"faces": {
				"north": {"uv": [2.5, 5.5, 3, 6], "texture": "#0"},
				"east": {"uv": [7, 4.75, 7.25, 5.25], "texture": "#0"},
				"south": {"uv": [3, 5.5, 3.5, 6], "texture": "#0"},
				"west": {"uv": [5, 7, 5.25, 7.5], "texture": "#0"},
				"up": {"uv": [5.75, 7.25, 5.25, 7], "texture": "#0"},
				"down": {"uv": [7.5, 5.25, 7, 5.5], "texture": "#0"}
			}
		},
		{
			"from": [4, 1, 8],
			"to": [6, 2, 9],
			"faces": {
				"north": {"uv": [7, 5.5, 7.5, 5.75], "texture": "#0"},
				"east": {"uv": [7.75, 7.5, 8, 7.75], "texture": "#0"},
				"south": {"uv": [5.75, 7, 6.25, 7.25], "texture": "#0"},
				"west": {"uv": [7.75, 7.75, 8, 8], "texture": "#0"},
				"up": {"uv": [7.5, 6, 7, 5.75], "texture": "#0"},
				"down": {"uv": [7.5, 6, 7, 6.25], "texture": "#0"}
			}
		},
		{
			"from": [6, 0, 8],
			"to": [10, 2, 9],
			"faces": {
				"north": {"uv": [4, 3.25, 5, 3.75], "texture": "#0"},
				"east": {"uv": [7, 6.25, 7.25, 6.75], "texture": "#0"},
				"south": {"uv": [3.5, 4, 4.5, 4.5], "texture": "#0"},
				"west": {"uv": [7, 6.75, 7.25, 7.25], "texture": "#0"},
				"up": {"uv": [6.5, 2.5, 5.5, 2.25], "texture": "#0"},
				"down": {"uv": [6.5, 3.25, 5.5, 3.5], "texture": "#0"}
			}
		},
		{
			"from": [10, 1, 8],
			"to": [12, 2, 9],
			"faces": {
				"north": {"uv": [0, 7.25, 0.5, 7.5], "texture": "#0"},
				"east": {"uv": [0, 8, 0.25, 8.25], "texture": "#0"},
				"south": {"uv": [7.25, 0, 7.75, 0.25], "texture": "#0"},
				"west": {"uv": [0.25, 8, 0.5, 8.25], "texture": "#0"},
				"up": {"uv": [7.75, 0.5, 7.25, 0.25], "texture": "#0"},
				"down": {"uv": [7.75, 0.5, 7.25, 0.75], "texture": "#0"}
			}
		},
		{
			"from": [9, 2, 7],
			"to": [12, 4, 8],
			"faces": {
				"north": {"uv": [4.5, 4.5, 5.25, 5], "texture": "#0"},
				"east": {"uv": [0.5, 7.25, 0.75, 7.75], "texture": "#0"},
				"south": {"uv": [0, 4.75, 0.75, 5.25], "texture": "#0"},
				"west": {"uv": [7.25, 0.75, 7.5, 1.25], "texture": "#0"},
				"up": {"uv": [7, 5.5, 6.25, 5.25], "texture": "#0"},
				"down": {"uv": [7, 5.5, 6.25, 5.75], "texture": "#0"}
			}
		},
		{
			"from": [12, 2, 8],
			"to": [13, 4, 9],
			"faces": {
				"north": {"uv": [1.25, 7.25, 1.5, 7.75], "texture": "#0"},
				"east": {"uv": [7.25, 1.25, 7.5, 1.75], "texture": "#0"},
				"south": {"uv": [1.5, 7.25, 1.75, 7.75], "texture": "#0"},
				"west": {"uv": [1.75, 7.25, 2, 7.75], "texture": "#0"},
				"up": {"uv": [0.75, 8.25, 0.5, 8], "texture": "#0"},
				"down": {"uv": [1, 8, 0.75, 8.25], "texture": "#0"}
			}
		},
		{
			"from": [10, 4, 7],
			"to": [13, 6, 8],
			"faces": {
				"north": {"uv": [0.75, 4.75, 1.5, 5.25], "texture": "#0"},
				"east": {"uv": [2, 7.25, 2.25, 7.75], "texture": "#0"},
				"south": {"uv": [1.5, 4.75, 2.25, 5.25], "texture": "#0"},
				"west": {"uv": [2.25, 7.25, 2.5, 7.75], "texture": "#0"},
				"up": {"uv": [7, 6, 6.25, 5.75], "texture": "#0"},
				"down": {"uv": [7, 6, 6.25, 6.25], "texture": "#0"}
			}
		},
		{
			"from": [10, 5, 6],
			"to": [11, 6, 7],
			"faces": {
				"north": {"uv": [8, 0.75, 8.25, 1], "texture": "#0"},
				"east": {"uv": [8, 1.25, 8.25, 1.5], "texture": "#0"},
				"south": {"uv": [8, 1.5, 8.25, 1.75], "texture": "#0"},
				"west": {"uv": [8, 1.75, 8.25, 2], "texture": "#0"},
				"up": {"uv": [8.25, 2.25, 8, 2], "texture": "#0"},
				"down": {"uv": [8.25, 2.25, 8, 2.5], "texture": "#0"}
			}
		},
		{
			"from": [12, 4, 8],
			"to": [14, 6, 9],
			"faces": {
				"north": {"uv": [3.5, 5.5, 4, 6], "texture": "#0"},
				"east": {"uv": [2.5, 7.25, 2.75, 7.75], "texture": "#0"},
				"south": {"uv": [4, 5.5, 4.5, 6], "texture": "#0"},
				"west": {"uv": [7.25, 2.5, 7.5, 3], "texture": "#0"},
				"up": {"uv": [7.75, 2, 7.25, 1.75], "texture": "#0"},
				"down": {"uv": [3.25, 7.25, 2.75, 7.5], "texture": "#0"}
			}
		},
		{
			"from": [11, 6, 6],
			"to": [13, 8, 7],
			"faces": {
				"north": {"uv": [4.5, 5.5, 5, 6], "texture": "#0"},
				"east": {"uv": [7.25, 3, 7.5, 3.5], "texture": "#0"},
				"south": {"uv": [5, 5.5, 5.5, 6], "texture": "#0"},
				"west": {"uv": [3.25, 7.25, 3.5, 7.75], "texture": "#0"},
				"up": {"uv": [7.75, 3.75, 7.25, 3.5], "texture": "#0"},
				"down": {"uv": [7.75, 3.75, 7.25, 4], "texture": "#0"}
			}
		},
		{
			"from": [13, 6, 7],
			"to": [15, 8, 8],
			"faces": {
				"north": {"uv": [5.5, 5.5, 6, 6], "texture": "#0"},
				"east": {"uv": [4, 7.25, 4.25, 7.75], "texture": "#0"},
				"south": {"uv": [0, 5.75, 0.5, 6.25], "texture": "#0"},
				"west": {"uv": [7.25, 4, 7.5, 4.5], "texture": "#0"},
				"up": {"uv": [4.75, 7.5, 4.25, 7.25], "texture": "#0"},
				"down": {"uv": [7.75, 4.75, 7.25, 5], "texture": "#0"}
			}
		},
		{
			"from": [11, 8, 6],
			"to": [13, 10, 7],
			"faces": {
				"north": {"uv": [0.5, 5.75, 1, 6.25], "texture": "#0"},
				"east": {"uv": [4.75, 7.25, 5, 7.75], "texture": "#0"},
				"south": {"uv": [1, 5.75, 1.5, 6.25], "texture": "#0"},
				"west": {"uv": [5.25, 7.25, 5.5, 7.75], "texture": "#0"},
				"up": {"uv": [7.75, 5.25, 7.25, 5], "texture": "#0"},
				"down": {"uv": [6, 7.25, 5.5, 7.5], "texture": "#0"}
			}
		},
		{
			"from": [13, 8, 7],
			"to": [15, 10, 8],
			"faces": {
				"north": {"uv": [1.5, 5.75, 2, 6.25], "texture": "#0"},
				"east": {"uv": [6, 7.25, 6.25, 7.75], "texture": "#0"},
				"south": {"uv": [2, 5.75, 2.5, 6.25], "texture": "#0"},
				"west": {"uv": [6.25, 7.25, 6.5, 7.75], "texture": "#0"},
				"up": {"uv": [7.75, 6.5, 7.25, 6.25], "texture": "#0"},
				"down": {"uv": [7, 7.25, 6.5, 7.5], "texture": "#0"}
			}
		},
		{
			"from": [12, 10, 6],
			"to": [14, 12, 7],
			"faces": {
				"north": {"uv": [5.75, 2.75, 6.25, 3.25], "texture": "#0"},
				"east": {"uv": [7.25, 6.5, 7.5, 7], "texture": "#0"},
				"south": {"uv": [5.75, 3.5, 6.25, 4], "texture": "#0"},
				"west": {"uv": [7, 7.25, 7.25, 7.75], "texture": "#0"},
				"up": {"uv": [7.75, 7.25, 7.25, 7], "texture": "#0"},
				"down": {"uv": [7.75, 7.25, 7.25, 7.5], "texture": "#0"}
			}
		},
		{
			"from": [14, 10, 7],
			"to": [16, 12, 8],
			"faces": {
				"north": {"uv": [5.75, 4.5, 6.25, 5], "texture": "#0"},
				"east": {"uv": [0, 7.5, 0.25, 8], "texture": "#0"},
				"south": {"uv": [5.75, 5, 6.25, 5.5], "texture": "#0"},
				"west": {"uv": [0.25, 7.5, 0.5, 8], "texture": "#0"},
				"up": {"uv": [1.25, 7.75, 0.75, 7.5], "texture": "#0"},
				"down": {"uv": [8, 0.75, 7.5, 1], "texture": "#0"}
			}
		},
		{
			"from": [13, 12, 6],
			"to": [15, 14, 7],
			"faces": {
				"north": {"uv": [6, 0, 6.5, 0.5], "texture": "#0"},
				"east": {"uv": [7.5, 1, 7.75, 1.5], "texture": "#0"},
				"south": {"uv": [6, 0.5, 6.5, 1], "texture": "#0"},
				"west": {"uv": [7.5, 2, 7.75, 2.5], "texture": "#0"},
				"up": {"uv": [8, 1.75, 7.5, 1.5], "texture": "#0"},
				"down": {"uv": [8, 2.5, 7.5, 2.75], "texture": "#0"}
			}
		},
		{
			"from": [15, 12, 7],
			"to": [17, 14, 8],
			"faces": {
				"north": {"uv": [6, 1.25, 6.5, 1.75], "texture": "#0"},
				"east": {"uv": [2.75, 7.5, 3, 8], "texture": "#0"},
				"south": {"uv": [2.5, 6, 3, 6.5], "texture": "#0"},
				"west": {"uv": [7.5, 2.75, 7.75, 3.25], "texture": "#0"},
				"up": {"uv": [8, 3.5, 7.5, 3.25], "texture": "#0"},
				"down": {"uv": [4, 7.5, 3.5, 7.75], "texture": "#0"}
			}
		},
		{
			"from": [2, 14, 6],
			"to": [14, 16, 7],
			"faces": {
				"north": {"uv": [0, 0, 3, 0.5], "texture": "#0"},
				"east": {"uv": [3, 7.5, 3.25, 8], "texture": "#0"},
				"south": {"uv": [0, 0.5, 3, 1], "texture": "#0"},
				"west": {"uv": [7.5, 4, 7.75, 4.5], "texture": "#0"},
				"up": {"uv": [3, 3.25, 0, 3], "texture": "#0"},
				"down": {"uv": [6, 0, 3, 0.25], "texture": "#0"}
			}
		},
		{
			"from": [0, 14, 7],
			"to": [2, 16, 8],
			"faces": {
				"north": {"uv": [3, 6, 3.5, 6.5], "texture": "#0"},
				"east": {"uv": [4.25, 7.5, 4.5, 8], "texture": "#0"},
				"south": {"uv": [3.5, 6, 4, 6.5], "texture": "#0"},
				"west": {"uv": [4.5, 7.5, 4.75, 8], "texture": "#0"},
				"up": {"uv": [8, 4.75, 7.5, 4.5], "texture": "#0"},
				"down": {"uv": [8, 5.25, 7.5, 5.5], "texture": "#0"}
			}
		},
		{
			"from": [14, 14, 7],
			"to": [16, 16, 8],
			"faces": {
				"north": {"uv": [4, 6, 4.5, 6.5], "texture": "#0"},
				"east": {"uv": [5, 7.5, 5.25, 8], "texture": "#0"},
				"south": {"uv": [4.5, 6, 5, 6.5], "texture": "#0"},
				"west": {"uv": [5.5, 7.5, 5.75, 8], "texture": "#0"},
				"up": {"uv": [8, 5.75, 7.5, 5.5], "texture": "#0"},
				"down": {"uv": [8, 5.75, 7.5, 6], "texture": "#0"}
			}
		},
		{
			"from": [3, 14, 5],
			"to": [13, 15, 6],
			"faces": {
				"north": {"uv": [0, 3.75, 2.5, 4], "texture": "#0"},
				"east": {"uv": [8, 2.5, 8.25, 2.75], "texture": "#0"},
				"south": {"uv": [2.5, 3.75, 5, 4], "texture": "#0"},
				"west": {"uv": [2.75, 8, 3, 8.25], "texture": "#0"},
				"up": {"uv": [2.5, 4.25, 0, 4], "texture": "#0"},
				"down": {"uv": [6.5, 1, 4, 1.25], "texture": "#0"}
			}
		},
		{
			"from": [2, 15, 7],
			"to": [14, 16, 8],
			"faces": {
				"north": {"uv": [3, 0.25, 6, 0.5], "texture": "#0"},
				"east": {"uv": [8, 2.75, 8.25, 3], "texture": "#0"},
				"south": {"uv": [3, 0.5, 6, 0.75], "texture": "#0"},
				"west": {"uv": [3, 8, 3.25, 8.25], "texture": "#0"},
				"up": {"uv": [6, 1, 3, 0.75], "texture": "#0"},
				"down": {"uv": [6, 2.5, 3, 2.75], "texture": "#0"}
			}
		},
		{
			"from": [1, 6, 8],
			"to": [2, 10, 9],
			"faces": {
				"north": {"uv": [5, 6, 5.25, 7], "texture": "#0"},
				"east": {"uv": [5.25, 6, 5.5, 7], "texture": "#0"},
				"south": {"uv": [5.5, 6, 5.75, 7], "texture": "#0"},
				"west": {"uv": [6, 5.5, 6.25, 6.5], "texture": "#0"},
				"up": {"uv": [8.25, 3.25, 8, 3], "texture": "#0"},
				"down": {"uv": [8.25, 3.25, 8, 3.5], "texture": "#0"}
			}
		},
		{
			"from": [14, 6, 8],
			"to": [15, 10, 9],
			"faces": {
				"north": {"uv": [5.75, 6, 6, 7], "texture": "#0"},
				"east": {"uv": [0, 6.25, 0.25, 7.25], "texture": "#0"},
				"south": {"uv": [0.25, 6.25, 0.5, 7.25], "texture": "#0"},
				"west": {"uv": [0.5, 6.25, 0.75, 7.25], "texture": "#0"},
				"up": {"uv": [8.25, 3.75, 8, 3.5], "texture": "#0"},
				"down": {"uv": [8.25, 3.75, 8, 4], "texture": "#0"}
			}
		},
		{
			"from": [0, 10, 8],
			"to": [2, 11, 9],
			"faces": {
				"north": {"uv": [7.5, 6, 8, 6.25], "texture": "#0"},
				"east": {"uv": [8, 4, 8.25, 4.25], "texture": "#0"},
				"south": {"uv": [6.5, 7.5, 7, 7.75], "texture": "#0"},
				"west": {"uv": [4.25, 8, 4.5, 8.25], "texture": "#0"},
				"up": {"uv": [8, 6.75, 7.5, 6.5], "texture": "#0"},
				"down": {"uv": [8, 6.75, 7.5, 7], "texture": "#0"}
			}
		},
		{
			"from": [14, 10, 8],
			"to": [16, 11, 9],
			"faces": {
				"north": {"uv": [7.25, 7.5, 7.75, 7.75], "texture": "#0"},
				"east": {"uv": [8, 4.25, 8.25, 4.5], "texture": "#0"},
				"south": {"uv": [7.75, 0, 8.25, 0.25], "texture": "#0"},
				"west": {"uv": [4.5, 8, 4.75, 8.25], "texture": "#0"},
				"up": {"uv": [8.25, 0.5, 7.75, 0.25], "texture": "#0"},
				"down": {"uv": [1, 7.75, 0.5, 8], "texture": "#0"}
			}
		},
		{
			"from": [0, 11, 8],
			"to": [1, 12, 9],
			"faces": {
				"north": {"uv": [8, 4.5, 8.25, 4.75], "texture": "#0"},
				"east": {"uv": [8, 4.75, 8.25, 5], "texture": "#0"},
				"south": {"uv": [5, 8, 5.25, 8.25], "texture": "#0"},
				"west": {"uv": [8, 5, 8.25, 5.25], "texture": "#0"},
				"up": {"uv": [8.25, 5.5, 8, 5.25], "texture": "#0"},
				"down": {"uv": [5.75, 8, 5.5, 8.25], "texture": "#0"}
			}
		},
		{
			"from": [15, 11, 8],
			"to": [16, 12, 9],
			"faces": {
				"north": {"uv": [8, 5.5, 8.25, 5.75], "texture": "#0"},
				"east": {"uv": [5.75, 8, 6, 8.25], "texture": "#0"},
				"south": {"uv": [8, 5.75, 8.25, 6], "texture": "#0"},
				"west": {"uv": [8, 6, 8.25, 6.25], "texture": "#0"},
				"up": {"uv": [8.25, 6.5, 8, 6.25], "texture": "#0"},
				"down": {"uv": [8.25, 6.5, 8, 6.75], "texture": "#0"}
			}
		},
		{
			"from": [-1, 12, 7],
			"to": [1, 14, 8],
			"faces": {
				"north": {"uv": [0.75, 6.25, 1.25, 6.75], "texture": "#0"},
				"east": {"uv": [5.75, 7.5, 6, 8], "texture": "#0"},
				"south": {"uv": [1.25, 6.25, 1.75, 6.75], "texture": "#0"},
				"west": {"uv": [1, 7.75, 1.25, 8.25], "texture": "#0"},
				"up": {"uv": [8.25, 0.75, 7.75, 0.5], "texture": "#0"},
				"down": {"uv": [8.25, 1, 7.75, 1.25], "texture": "#0"}
			}
		},
		{
			"from": [16, 12, 8],
			"to": [17, 14, 9],
			"faces": {
				"north": {"uv": [1.25, 7.75, 1.5, 8.25], "texture": "#0"},
				"east": {"uv": [1.5, 7.75, 1.75, 8.25], "texture": "#0"},
				"south": {"uv": [1.75, 7.75, 2, 8.25], "texture": "#0"},
				"west": {"uv": [7.75, 1.75, 8, 2.25], "texture": "#0"},
				"up": {"uv": [8.25, 7, 8, 6.75], "texture": "#0"},
				"down": {"uv": [8.25, 7, 8, 7.25], "texture": "#0"}
			}
		},
		{
			"from": [15, 14, 8],
			"to": [16, 16, 9],
			"faces": {
				"north": {"uv": [2, 7.75, 2.25, 8.25], "texture": "#0"},
				"east": {"uv": [2.25, 7.75, 2.5, 8.25], "texture": "#0"},
				"south": {"uv": [2.5, 7.75, 2.75, 8.25], "texture": "#0"},
				"west": {"uv": [7.75, 2.75, 8, 3.25], "texture": "#0"},
				"up": {"uv": [7.5, 8.25, 7.25, 8], "texture": "#0"},
				"down": {"uv": [8.25, 7.25, 8, 7.5], "texture": "#0"}
			}
		},
		{
			"from": [0, 14, 8],
			"to": [1, 16, 9],
			"faces": {
				"north": {"uv": [3.25, 7.75, 3.5, 8.25], "texture": "#0"},
				"east": {"uv": [3.5, 7.75, 3.75, 8.25], "texture": "#0"},
				"south": {"uv": [7.75, 3.5, 8, 4], "texture": "#0"},
				"west": {"uv": [3.75, 7.75, 4, 8.25], "texture": "#0"},
				"up": {"uv": [7.75, 8.25, 7.5, 8], "texture": "#0"},
				"down": {"uv": [8.25, 7.5, 8, 7.75], "texture": "#0"}
			}
		},
		{
			"from": [5, 8, 5],
			"to": [11, 10, 6],
			"faces": {
				"north": {"uv": [3, 2.75, 4.5, 3.25], "texture": "#0"},
				"east": {"uv": [4, 7.75, 4.25, 8.25], "texture": "#0"},
				"south": {"uv": [0, 3.25, 1.5, 3.75], "texture": "#0"},
				"west": {"uv": [7.75, 4, 8, 4.5], "texture": "#0"},
				"up": {"uv": [6.5, 2, 5, 1.75], "texture": "#0"},
				"down": {"uv": [6.5, 2, 5, 2.25], "texture": "#0"}
			}
		},
		{
			"from": [10, 8, 6],
			"to": [11, 10, 8],
			"faces": {
				"north": {"uv": [4.75, 7.75, 5, 8.25], "texture": "#0"},
				"east": {"uv": [1.75, 6.25, 2.25, 6.75], "texture": "#0"},
				"south": {"uv": [7.75, 4.75, 8, 5.25], "texture": "#0"},
				"west": {"uv": [6.25, 2.5, 6.75, 3], "texture": "#0"},
				"up": {"uv": [5.5, 8.25, 5.25, 7.75], "texture": "#0"},
				"down": {"uv": [6.25, 7.75, 6, 8.25], "texture": "#0"}
			}
		},
		{
			"from": [5, 8, 8],
			"to": [11, 10, 9],
			"faces": {
				"north": {"uv": [0, 2.5, 1.5, 3], "texture": "#0"},
				"east": {"uv": [2.25, 6.25, 2.5, 6.75], "texture": "#0"},
				"south": {"uv": [2.5, 1, 4, 1.5], "texture": "#0"},
				"west": {"uv": [6.25, 6.25, 6.5, 6.75], "texture": "#0"},
				"up": {"uv": [5.5, 2.5, 4, 2.25], "texture": "#0"},
				"down": {"uv": [1.5, 4.25, 0, 4.5], "texture": "#0"}
			}
		}
	],
	"display": {
		"thirdperson_righthand": {
			"rotation": [45, -45, 0],
			"translation": [1.5, 3, 0.75]
		},
		"thirdperson_lefthand": {
			"rotation": [45, -45, 0],
			"translation": [1.5, 3, 0.75]
		},
		"firstperson_righthand": {
			"rotation": [0, 8, 11],
			"translation": [6, -1.25, -11],
			"scale": [1.5, 1.5, 1]
		},
		"firstperson_lefthand": {
			"rotation": [0, 8, 11],
			"translation": [3, -1.25, -11],
			"scale": [1.5, 1.5, 1]
		},
		"ground": {
			"translation": [0, 0.5, 0],
			"scale": [0.5, 0.5, 0.5]
		},
		"gui": {
			"rotation": [0, 180, 0],
			"scale": [0.65, 0.65, 0.65]
		}
	}
}