{
	"credit": "Made with Blockbench",
	"texture_size": [64, 64],
	"textures": {
		"0": "ld:item/caestus",
		"particle": "ld:item/caestus"
	},
	"elements": [
		{
			"from": [12, 2, 7.5],
			"to": [21, 4, 8.5],
			"rotation": {"angle": 22.5, "axis": "x", "origin": [8, 0, 8]},
			"faces": {
				"north": {"uv": [0, 4.5, 2.25, 5], "texture": "#0"},
				"east": {"uv": [6.5, 7, 6.75, 7.5], "texture": "#0"},
				"south": {"uv": [2.25, 4.5, 4.5, 5], "texture": "#0"},
				"west": {"uv": [1.25, 7.25, 1.5, 7.75], "texture": "#0"},
				"up": {"uv": [8.5, 3.25, 6.25, 3], "texture": "#0"},
				"down": {"uv": [8.5, 3.25, 6.25, 3.5], "texture": "#0"}
			}
		},
		{
			"from": [12, 3.5, 5.5],
			"to": [21, 5.5, 6.5],
			"rotation": {"angle": 45, "axis": "x", "origin": [8, 0, 8]},
			"faces": {
				"north": {"uv": [4.5, 4.5, 6.75, 5], "texture": "#0"},
				"east": {"uv": [1.5, 7.25, 1.75, 7.75], "texture": "#0"},
				"south": {"uv": [0, 5, 2.25, 5.5], "texture": "#0"},
				"west": {"uv": [1.75, 7.25, 2, 7.75], "texture": "#0"},
				"up": {"uv": [8.5, 3.75, 6.25, 3.5], "texture": "#0"},
				"down": {"uv": [8.5, 3.75, 6.25, 4], "texture": "#0"}
			}
		},
		{
			"from": [12, -3.5, 7],
			"to": [21, -1.5, 8],
			"rotation": {"angle": -45, "axis": "x", "origin": [8, 0, 8]},
			"faces": {
				"north": {"uv": [2.25, 5, 4.5, 5.5], "texture": "#0"},
				"east": {"uv": [2, 7.25, 2.25, 7.75], "texture": "#0"},
				"south": {"uv": [4.5, 5, 6.75, 5.5], "texture": "#0"},
				"west": {"uv": [2.25, 7.25, 2.5, 7.75], "texture": "#0"},
				"up": {"uv": [8.5, 4.25, 6.25, 4], "texture": "#0"},
				"down": {"uv": [8.5, 4.25, 6.25, 4.5], "texture": "#0"}
			}
		},
		{
			"from": [12, -5.5, 8],
			"to": [21, -3.5, 9],
			"rotation": {"angle": -45, "axis": "x", "origin": [8, 0, 8]},
			"faces": {
				"north": {"uv": [0, 5.5, 2.25, 6], "texture": "#0"},
				"east": {"uv": [2.5, 7.25, 2.75, 7.75], "texture": "#0"},
				"south": {"uv": [2.25, 5.5, 4.5, 6], "texture": "#0"},
				"west": {"uv": [2.75, 7.25, 3, 7.75], "texture": "#0"},
				"up": {"uv": [2.25, 6.75, 0, 6.5], "texture": "#0"},
				"down": {"uv": [4.5, 6.5, 2.25, 6.75], "texture": "#0"}
			}
		},
		{
			"from": [12, -1.2, 13.5],
			"to": [21, -0.2, 15.5],
			"rotation": {"angle": 22.5, "axis": "x", "origin": [8, 0, 8]},
			"faces": {
				"north": {"uv": [4.5, 6.5, 6.75, 6.75], "texture": "#0"},
				"east": {"uv": [3, 7.25, 3.5, 7.5], "texture": "#0"},
				"south": {"uv": [0, 6.75, 2.25, 7], "texture": "#0"},
				"west": {"uv": [3.5, 7.25, 4, 7.5], "texture": "#0"},
				"up": {"uv": [6.75, 6, 4.5, 5.5], "texture": "#0"},
				"down": {"uv": [2.25, 6, 0, 6.5], "texture": "#0"}
			}
		},
		{
			"from": [12, -2, 7],
			"to": [21, 0, 8],
			"rotation": {"angle": -45, "axis": "x", "origin": [8, 0, 8]},
			"faces": {
				"north": {"uv": [2.25, 6, 4.5, 6.5], "texture": "#0"},
				"east": {"uv": [4, 7.25, 4.25, 7.75], "texture": "#0"},
				"south": {"uv": [4.5, 6, 6.75, 6.5], "texture": "#0"},
				"west": {"uv": [4.25, 7.25, 4.5, 7.75], "texture": "#0"},
				"up": {"uv": [4.5, 7, 2.25, 6.75], "texture": "#0"},
				"down": {"uv": [6.75, 6.75, 4.5, 7], "texture": "#0"}
			}
		},
		{
			"from": [12, -1.5, 7],
			"to": [21, 0.5, 8],
			"rotation": {"angle": -22.5, "axis": "x", "origin": [8, 0, 8]},
			"faces": {
				"north": {"uv": [6.25, 0, 8.5, 0.5], "texture": "#0"},
				"east": {"uv": [4.5, 7.25, 4.75, 7.75], "texture": "#0"},
				"south": {"uv": [6.25, 0.5, 8.5, 1], "texture": "#0"},
				"west": {"uv": [4.75, 7.25, 5, 7.75], "texture": "#0"},
				"up": {"uv": [9, 4.75, 6.75, 4.5], "texture": "#0"},
				"down": {"uv": [9, 4.75, 6.75, 5], "texture": "#0"}
			}
		},
		{
			"from": [12, 0, 7],
			"to": [21, 2, 8],
			"rotation": {"angle": 22.5, "axis": "x", "origin": [8, 0, 8]},
			"faces": {
				"north": {"uv": [6.25, 1, 8.5, 1.5], "texture": "#0"},
				"east": {"uv": [5, 7.25, 5.25, 7.75], "texture": "#0"},
				"south": {"uv": [6.25, 1.5, 8.5, 2], "texture": "#0"},
				"west": {"uv": [5.25, 7.25, 5.5, 7.75], "texture": "#0"},
				"up": {"uv": [9, 5.25, 6.75, 5], "texture": "#0"},
				"down": {"uv": [9, 5.25, 6.75, 5.5], "texture": "#0"}
			}
		},
		{
			"from": [12, 5.5, 5],
			"to": [21, 7.5, 6],
			"rotation": {"angle": 45, "axis": "x", "origin": [8, 0, 8]},
			"faces": {
				"north": {"uv": [6.25, 2, 8.5, 2.5], "texture": "#0"},
				"east": {"uv": [5.5, 7.25, 5.75, 7.75], "texture": "#0"},
				"south": {"uv": [6.25, 2.5, 8.5, 3], "texture": "#0"},
				"west": {"uv": [7.25, 6, 7.5, 6.5], "texture": "#0"},
				"up": {"uv": [9, 5.75, 6.75, 5.5], "texture": "#0"},
				"down": {"uv": [9, 5.75, 6.75, 6], "texture": "#0"}
			}
		},
		{
			"from": [20, -1, 7.5],
			"to": [21, 8, 15.5],
			"rotation": {"angle": 22.5, "axis": "x", "origin": [8, 0, 8]},
			"faces": {
				"north": {"uv": [6.75, 6, 7, 8.25], "texture": "#0"},
				"east": {"uv": [2.25, 0, 4.25, 2.25], "texture": "#0"},
				"south": {"uv": [0, 7, 0.25, 9.25], "texture": "#0"},
				"west": {"uv": [2.25, 2.25, 4.25, 4.5], "texture": "#0"},
				"up": {"uv": [6, 9, 5.75, 7], "texture": "#0"},
				"down": {"uv": [6.25, 7, 6, 9], "texture": "#0"}
			}
		},
		{
			"from": [12, -1, 7.5],
			"to": [13, 8, 15.5],
			"rotation": {"angle": 22.5, "axis": "x", "origin": [8, 0, 8]},
			"faces": {
				"north": {"uv": [0.25, 7, 0.5, 9.25], "texture": "#0"},
				"east": {"uv": [4.25, 0, 6.25, 2.25], "texture": "#0"},
				"south": {"uv": [0.5, 7, 0.75, 9.25], "texture": "#0"},
				"west": {"uv": [4.25, 2.25, 6.25, 4.5], "texture": "#0"},
				"up": {"uv": [7.25, 8, 7, 6], "texture": "#0"},
				"down": {"uv": [6.5, 7, 6.25, 9], "texture": "#0"}
			}
		},
		{
			"from": [12, -1, 15.5],
			"to": [21, 8, 16.5],
			"rotation": {"angle": 22.5, "axis": "x", "origin": [8, 0, 8]},
			"faces": {
				"north": {"uv": [0, 0, 2.25, 2.25], "texture": "#0"},
				"east": {"uv": [0.75, 7, 1, 9.25], "texture": "#0"},
				"south": {"uv": [0, 2.25, 2.25, 4.5], "texture": "#0"},
				"west": {"uv": [1, 7, 1.25, 9.25], "texture": "#0"},
				"up": {"uv": [3.5, 7.25, 1.25, 7], "texture": "#0"},
				"down": {"uv": [5.75, 7, 3.5, 7.25], "texture": "#0"}
			}
		},
		{
			"from": [19, 0.7, 8.1],
			"to": [20, 1.7, 9.1],
			"rotation": {"angle": -45, "axis": "x", "origin": [8, 0, 8]},
			"faces": {
				"north": {"uv": [7.25, 6.5, 7.5, 6.75], "texture": "#0"},
				"east": {"uv": [7.25, 6.75, 7.5, 7], "texture": "#0"},
				"south": {"uv": [7.25, 7, 7.5, 7.25], "texture": "#0"},
				"west": {"uv": [7.25, 7.25, 7.5, 7.5], "texture": "#0"},
				"up": {"uv": [3.25, 7.75, 3, 7.5], "texture": "#0"},
				"down": {"uv": [3.5, 7.5, 3.25, 7.75], "texture": "#0"}
			}
		},
		{
			"from": [13, 0.7, 8.1],
			"to": [14, 1.7, 9.1],
			"rotation": {"angle": -45, "axis": "x", "origin": [8, 0, 8]},
			"faces": {
				"north": {"uv": [3.5, 7.5, 3.75, 7.75], "texture": "#0"},
				"east": {"uv": [3.75, 7.5, 4, 7.75], "texture": "#0"},
				"south": {"uv": [7.5, 6, 7.75, 6.25], "texture": "#0"},
				"west": {"uv": [7.5, 6.25, 7.75, 6.5], "texture": "#0"},
				"up": {"uv": [6.75, 7.75, 6.5, 7.5], "texture": "#0"},
				"down": {"uv": [7.75, 6.5, 7.5, 6.75], "texture": "#0"}
			}
		},
		{
			"from": [15, 0.7, 8.1],
			"to": [16, 1.7, 9.1],
			"rotation": {"angle": -45, "axis": "x", "origin": [8, 0, 8]},
			"faces": {
				"north": {"uv": [7.5, 6.75, 7.75, 7], "texture": "#0"},
				"east": {"uv": [7.5, 7, 7.75, 7.25], "texture": "#0"},
				"south": {"uv": [7.25, 7.5, 7.5, 7.75], "texture": "#0"},
				"west": {"uv": [7.5, 7.25, 7.75, 7.5], "texture": "#0"},
				"up": {"uv": [7.75, 7.75, 7.5, 7.5], "texture": "#0"},
				"down": {"uv": [1.5, 7.75, 1.25, 8], "texture": "#0"}
			}
		},
		{
			"from": [17, 0.7, 8.1],
			"to": [18, 1.7, 9.1],
			"rotation": {"angle": -45, "axis": "x", "origin": [8, 0, 8]},
			"faces": {
				"north": {"uv": [1.5, 7.75, 1.75, 8], "texture": "#0"},
				"east": {"uv": [1.75, 7.75, 2, 8], "texture": "#0"},
				"south": {"uv": [2, 7.75, 2.25, 8], "texture": "#0"},
				"west": {"uv": [2.25, 7.75, 2.5, 8], "texture": "#0"},
				"up": {"uv": [2.75, 8, 2.5, 7.75], "texture": "#0"},
				"down": {"uv": [3, 7.75, 2.75, 8], "texture": "#0"}
			}
		},
		{
			"from": [19, 0.8, 10],
			"to": [20, 1.8, 11],
			"rotation": {"angle": -45, "axis": "x", "origin": [8, 0, 8]},
			"faces": {
				"north": {"uv": [3, 7.75, 3.25, 8], "texture": "#0"},
				"east": {"uv": [3.25, 7.75, 3.5, 8], "texture": "#0"},
				"south": {"uv": [3.5, 7.75, 3.75, 8], "texture": "#0"},
				"west": {"uv": [3.75, 7.75, 4, 8], "texture": "#0"},
				"up": {"uv": [4.25, 8, 4, 7.75], "texture": "#0"},
				"down": {"uv": [4.5, 7.75, 4.25, 8], "texture": "#0"}
			}
		},
		{
			"from": [13, 1.8, 12],
			"to": [14, 2.8, 13],
			"rotation": {"angle": -45, "axis": "x", "origin": [8, 0, 8]},
			"faces": {
				"north": {"uv": [4.5, 7.75, 4.75, 8], "texture": "#0"},
				"east": {"uv": [4.75, 7.75, 5, 8], "texture": "#0"},
				"south": {"uv": [5, 7.75, 5.25, 8], "texture": "#0"},
				"west": {"uv": [5.25, 7.75, 5.5, 8], "texture": "#0"},
				"up": {"uv": [5.75, 8, 5.5, 7.75], "texture": "#0"},
				"down": {"uv": [8, 6, 7.75, 6.25], "texture": "#0"}
			}
		},
		{
			"from": [13, 4.5, 12.5],
			"to": [14, 5.5, 13.5],
			"rotation": {"angle": -22.5, "axis": "x", "origin": [8, 0, 8]},
			"faces": {
				"north": {"uv": [7.75, 6.25, 8, 6.5], "texture": "#0"},
				"east": {"uv": [6.5, 7.75, 6.75, 8], "texture": "#0"},
				"south": {"uv": [7.75, 6.5, 8, 6.75], "texture": "#0"},
				"west": {"uv": [7.75, 6.75, 8, 7], "texture": "#0"},
				"up": {"uv": [8, 7.25, 7.75, 7], "texture": "#0"},
				"down": {"uv": [7.5, 7.75, 7.25, 8], "texture": "#0"}
			}
		},
		{
			"from": [15, 4.5, 12.5],
			"to": [16, 5.5, 13.5],
			"rotation": {"angle": -22.5, "axis": "x", "origin": [8, 0, 8]},
			"faces": {
				"north": {"uv": [7.75, 7.25, 8, 7.5], "texture": "#0"},
				"east": {"uv": [7.5, 7.75, 7.75, 8], "texture": "#0"},
				"south": {"uv": [7.75, 7.5, 8, 7.75], "texture": "#0"},
				"west": {"uv": [7.75, 7.75, 8, 8], "texture": "#0"},
				"up": {"uv": [1.5, 8.25, 1.25, 8], "texture": "#0"},
				"down": {"uv": [1.75, 8, 1.5, 8.25], "texture": "#0"}
			}
		},
		{
			"from": [17, 4.5, 12.5],
			"to": [18, 5.5, 13.5],
			"rotation": {"angle": -22.5, "axis": "x", "origin": [8, 0, 8]},
			"faces": {
				"north": {"uv": [1.75, 8, 2, 8.25], "texture": "#0"},
				"east": {"uv": [2, 8, 2.25, 8.25], "texture": "#0"},
				"south": {"uv": [2.25, 8, 2.5, 8.25], "texture": "#0"},
				"west": {"uv": [2.5, 8, 2.75, 8.25], "texture": "#0"},
				"up": {"uv": [3, 8.25, 2.75, 8], "texture": "#0"},
				"down": {"uv": [3.25, 8, 3, 8.25], "texture": "#0"}
			}
		},
		{
			"from": [19, 4.5, 12.5],
			"to": [20, 5.5, 13.5],
			"rotation": {"angle": -22.5, "axis": "x", "origin": [8, 0, 8]},
			"faces": {
				"north": {"uv": [3.25, 8, 3.5, 8.25], "texture": "#0"},
				"east": {"uv": [3.5, 8, 3.75, 8.25], "texture": "#0"},
				"south": {"uv": [3.75, 8, 4, 8.25], "texture": "#0"},
				"west": {"uv": [4, 8, 4.25, 8.25], "texture": "#0"},
				"up": {"uv": [4.5, 8.25, 4.25, 8], "texture": "#0"},
				"down": {"uv": [4.75, 8, 4.5, 8.25], "texture": "#0"}
			}
		},
		{
			"from": [17, 1.8, 12],
			"to": [18, 2.8, 13],
			"rotation": {"angle": -45, "axis": "x", "origin": [8, 0, 8]},
			"faces": {
				"north": {"uv": [4.75, 8, 5, 8.25], "texture": "#0"},
				"east": {"uv": [5, 8, 5.25, 8.25], "texture": "#0"},
				"south": {"uv": [5.25, 8, 5.5, 8.25], "texture": "#0"},
				"west": {"uv": [5.5, 8, 5.75, 8.25], "texture": "#0"},
				"up": {"uv": [8.25, 6.25, 8, 6], "texture": "#0"},
				"down": {"uv": [8.25, 6.25, 8, 6.5], "texture": "#0"}
			}
		},
		{
			"from": [15, 1.8, 12],
			"to": [16, 2.8, 13],
			"rotation": {"angle": -45, "axis": "x", "origin": [8, 0, 8]},
			"faces": {
				"north": {"uv": [6.5, 8, 6.75, 8.25], "texture": "#0"},
				"east": {"uv": [8, 6.5, 8.25, 6.75], "texture": "#0"},
				"south": {"uv": [8, 6.75, 8.25, 7], "texture": "#0"},
				"west": {"uv": [7, 8, 7.25, 8.25], "texture": "#0"},
				"up": {"uv": [8.25, 7.25, 8, 7], "texture": "#0"},
				"down": {"uv": [7.5, 8, 7.25, 8.25], "texture": "#0"}
			}
		},
		{
			"from": [19, 1.8, 12],
			"to": [20, 2.8, 13],
			"rotation": {"angle": -45, "axis": "x", "origin": [8, 0, 8]},
			"faces": {
				"north": {"uv": [8, 7.25, 8.25, 7.5], "texture": "#0"},
				"east": {"uv": [7.5, 8, 7.75, 8.25], "texture": "#0"},
				"south": {"uv": [8, 7.5, 8.25, 7.75], "texture": "#0"},
				"west": {"uv": [7.75, 8, 8, 8.25], "texture": "#0"},
				"up": {"uv": [8.25, 8, 8, 7.75], "texture": "#0"},
				"down": {"uv": [8.25, 8, 8, 8.25], "texture": "#0"}
			}
		},
		{
			"from": [17, 0.8, 10],
			"to": [18, 1.8, 11],
			"rotation": {"angle": -45, "axis": "x", "origin": [8, 0, 8]},
			"faces": {
				"north": {"uv": [1.25, 8.25, 1.5, 8.5], "texture": "#0"},
				"east": {"uv": [1.5, 8.25, 1.75, 8.5], "texture": "#0"},
				"south": {"uv": [1.75, 8.25, 2, 8.5], "texture": "#0"},
				"west": {"uv": [2, 8.25, 2.25, 8.5], "texture": "#0"},
				"up": {"uv": [2.5, 8.5, 2.25, 8.25], "texture": "#0"},
				"down": {"uv": [2.75, 8.25, 2.5, 8.5], "texture": "#0"}
			}
		},
		{
			"from": [15, 0.8, 10],
			"to": [16, 1.8, 11],
			"rotation": {"angle": -45, "axis": "x", "origin": [8, 0, 8]},
			"faces": {
				"north": {"uv": [2.75, 8.25, 3, 8.5], "texture": "#0"},
				"east": {"uv": [3, 8.25, 3.25, 8.5], "texture": "#0"},
				"south": {"uv": [3.25, 8.25, 3.5, 8.5], "texture": "#0"},
				"west": {"uv": [3.5, 8.25, 3.75, 8.5], "texture": "#0"},
				"up": {"uv": [4, 8.5, 3.75, 8.25], "texture": "#0"},
				"down": {"uv": [4.25, 8.25, 4, 8.5], "texture": "#0"}
			}
		},
		{
			"from": [13, 0.8, 10],
			"to": [14, 1.8, 11],
			"rotation": {"angle": -45, "axis": "x", "origin": [8, 0, 8]},
			"faces": {
				"north": {"uv": [4.25, 8.25, 4.5, 8.5], "texture": "#0"},
				"east": {"uv": [4.5, 8.25, 4.75, 8.5], "texture": "#0"},
				"south": {"uv": [4.75, 8.25, 5, 8.5], "texture": "#0"},
				"west": {"uv": [5, 8.25, 5.25, 8.5], "texture": "#0"},
				"up": {"uv": [5.5, 8.5, 5.25, 8.25], "texture": "#0"},
				"down": {"uv": [5.75, 8.25, 5.5, 8.5], "texture": "#0"}
			}
		},
		{
			"from": [-8, 2, 7.5],
			"to": [1, 4, 8.5],
			"rotation": {"angle": 22.5, "axis": "x", "origin": [-12, 0, 8]},
			"faces": {
				"north": {"uv": [0, 4.5, 2.25, 5], "texture": "#0"},
				"east": {"uv": [6.5, 7, 6.75, 7.5], "texture": "#0"},
				"south": {"uv": [2.25, 4.5, 4.5, 5], "texture": "#0"},
				"west": {"uv": [1.25, 7.25, 1.5, 7.75], "texture": "#0"},
				"up": {"uv": [8.5, 3.25, 6.25, 3], "texture": "#0"},
				"down": {"uv": [8.5, 3.25, 6.25, 3.5], "texture": "#0"}
			}
		},
		{
			"from": [-8, 3.5, 5.5],
			"to": [1, 5.5, 6.5],
			"rotation": {"angle": 45, "axis": "x", "origin": [-12, 0, 8]},
			"faces": {
				"north": {"uv": [4.5, 4.5, 6.75, 5], "texture": "#0"},
				"east": {"uv": [1.5, 7.25, 1.75, 7.75], "texture": "#0"},
				"south": {"uv": [0, 5, 2.25, 5.5], "texture": "#0"},
				"west": {"uv": [1.75, 7.25, 2, 7.75], "texture": "#0"},
				"up": {"uv": [8.5, 3.75, 6.25, 3.5], "texture": "#0"},
				"down": {"uv": [8.5, 3.75, 6.25, 4], "texture": "#0"}
			}
		},
		{
			"from": [-8, -3.5, 7],
			"to": [1, -1.5, 8],
			"rotation": {"angle": -45, "axis": "x", "origin": [-12, 0, 8]},
			"faces": {
				"north": {"uv": [2.25, 5, 4.5, 5.5], "texture": "#0"},
				"east": {"uv": [2, 7.25, 2.25, 7.75], "texture": "#0"},
				"south": {"uv": [4.5, 5, 6.75, 5.5], "texture": "#0"},
				"west": {"uv": [2.25, 7.25, 2.5, 7.75], "texture": "#0"},
				"up": {"uv": [8.5, 4.25, 6.25, 4], "texture": "#0"},
				"down": {"uv": [8.5, 4.25, 6.25, 4.5], "texture": "#0"}
			}
		},
		{
			"from": [-8, -5.5, 8],
			"to": [1, -3.5, 9],
			"rotation": {"angle": -45, "axis": "x", "origin": [-12, 0, 8]},
			"faces": {
				"north": {"uv": [0, 5.5, 2.25, 6], "texture": "#0"},
				"east": {"uv": [2.5, 7.25, 2.75, 7.75], "texture": "#0"},
				"south": {"uv": [2.25, 5.5, 4.5, 6], "texture": "#0"},
				"west": {"uv": [2.75, 7.25, 3, 7.75], "texture": "#0"},
				"up": {"uv": [2.25, 6.75, 0, 6.5], "texture": "#0"},
				"down": {"uv": [4.5, 6.5, 2.25, 6.75], "texture": "#0"}
			}
		},
		{
			"from": [-8, -1.2, 13.5],
			"to": [1, -0.2, 15.5],
			"rotation": {"angle": 22.5, "axis": "x", "origin": [-12, 0, 8]},
			"faces": {
				"north": {"uv": [4.5, 6.5, 6.75, 6.75], "texture": "#0"},
				"east": {"uv": [3, 7.25, 3.5, 7.5], "texture": "#0"},
				"south": {"uv": [0, 6.75, 2.25, 7], "texture": "#0"},
				"west": {"uv": [3.5, 7.25, 4, 7.5], "texture": "#0"},
				"up": {"uv": [6.75, 6, 4.5, 5.5], "texture": "#0"},
				"down": {"uv": [2.25, 6, 0, 6.5], "texture": "#0"}
			}
		},
		{
			"from": [-8, -2, 7],
			"to": [1, 0, 8],
			"rotation": {"angle": -45, "axis": "x", "origin": [-12, 0, 8]},
			"faces": {
				"north": {"uv": [2.25, 6, 4.5, 6.5], "texture": "#0"},
				"east": {"uv": [4, 7.25, 4.25, 7.75], "texture": "#0"},
				"south": {"uv": [4.5, 6, 6.75, 6.5], "texture": "#0"},
				"west": {"uv": [4.25, 7.25, 4.5, 7.75], "texture": "#0"},
				"up": {"uv": [4.5, 7, 2.25, 6.75], "texture": "#0"},
				"down": {"uv": [6.75, 6.75, 4.5, 7], "texture": "#0"}
			}
		},
		{
			"from": [-8, -1.5, 7],
			"to": [1, 0.5, 8],
			"rotation": {"angle": -22.5, "axis": "x", "origin": [-12, 0, 8]},
			"faces": {
				"north": {"uv": [6.25, 0, 8.5, 0.5], "texture": "#0"},
				"east": {"uv": [4.5, 7.25, 4.75, 7.75], "texture": "#0"},
				"south": {"uv": [6.25, 0.5, 8.5, 1], "texture": "#0"},
				"west": {"uv": [4.75, 7.25, 5, 7.75], "texture": "#0"},
				"up": {"uv": [9, 4.75, 6.75, 4.5], "texture": "#0"},
				"down": {"uv": [9, 4.75, 6.75, 5], "texture": "#0"}
			}
		},
		{
			"from": [-8, 0, 7],
			"to": [1, 2, 8],
			"rotation": {"angle": 22.5, "axis": "x", "origin": [-12, 0, 8]},
			"faces": {
				"north": {"uv": [6.25, 1, 8.5, 1.5], "texture": "#0"},
				"east": {"uv": [5, 7.25, 5.25, 7.75], "texture": "#0"},
				"south": {"uv": [6.25, 1.5, 8.5, 2], "texture": "#0"},
				"west": {"uv": [5.25, 7.25, 5.5, 7.75], "texture": "#0"},
				"up": {"uv": [9, 5.25, 6.75, 5], "texture": "#0"},
				"down": {"uv": [9, 5.25, 6.75, 5.5], "texture": "#0"}
			}
		},
		{
			"from": [-8, 5.5, 5],
			"to": [1, 7.5, 6],
			"rotation": {"angle": 45, "axis": "x", "origin": [-12, 0, 8]},
			"faces": {
				"north": {"uv": [6.25, 2, 8.5, 2.5], "texture": "#0"},
				"east": {"uv": [5.5, 7.25, 5.75, 7.75], "texture": "#0"},
				"south": {"uv": [6.25, 2.5, 8.5, 3], "texture": "#0"},
				"west": {"uv": [7.25, 6, 7.5, 6.5], "texture": "#0"},
				"up": {"uv": [9, 5.75, 6.75, 5.5], "texture": "#0"},
				"down": {"uv": [9, 5.75, 6.75, 6], "texture": "#0"}
			}
		},
		{
			"from": [0, -1, 7.5],
			"to": [1, 8, 15.5],
			"rotation": {"angle": 22.5, "axis": "x", "origin": [-12, 0, 8]},
			"faces": {
				"north": {"uv": [6.75, 6, 7, 8.25], "texture": "#0"},
				"east": {"uv": [2.25, 0, 4.25, 2.25], "texture": "#0"},
				"south": {"uv": [0, 7, 0.25, 9.25], "texture": "#0"},
				"west": {"uv": [2.25, 2.25, 4.25, 4.5], "texture": "#0"},
				"up": {"uv": [6, 9, 5.75, 7], "texture": "#0"},
				"down": {"uv": [6.25, 7, 6, 9], "texture": "#0"}
			}
		},
		{
			"from": [-8, -1, 7.5],
			"to": [-7, 8, 15.5],
			"rotation": {"angle": 22.5, "axis": "x", "origin": [-12, 0, 8]},
			"faces": {
				"north": {"uv": [0.25, 7, 0.5, 9.25], "texture": "#0"},
				"east": {"uv": [4.25, 0, 6.25, 2.25], "texture": "#0"},
				"south": {"uv": [0.5, 7, 0.75, 9.25], "texture": "#0"},
				"west": {"uv": [4.25, 2.25, 6.25, 4.5], "texture": "#0"},
				"up": {"uv": [7.25, 8, 7, 6], "texture": "#0"},
				"down": {"uv": [6.5, 7, 6.25, 9], "texture": "#0"}
			}
		},
		{
			"from": [-8, -1, 15.5],
			"to": [1, 8, 16.5],
			"rotation": {"angle": 22.5, "axis": "x", "origin": [-12, 0, 8]},
			"faces": {
				"north": {"uv": [0, 0, 2.25, 2.25], "texture": "#0"},
				"east": {"uv": [0.75, 7, 1, 9.25], "texture": "#0"},
				"south": {"uv": [0, 2.25, 2.25, 4.5], "texture": "#0"},
				"west": {"uv": [1, 7, 1.25, 9.25], "texture": "#0"},
				"up": {"uv": [3.5, 7.25, 1.25, 7], "texture": "#0"},
				"down": {"uv": [5.75, 7, 3.5, 7.25], "texture": "#0"}
			}
		},
		{
			"from": [-1, 0.7, 8.1],
			"to": [0, 1.7, 9.1],
			"rotation": {"angle": -45, "axis": "x", "origin": [-12, 0, 8]},
			"faces": {
				"north": {"uv": [7.25, 6.5, 7.5, 6.75], "texture": "#0"},
				"east": {"uv": [7.25, 6.75, 7.5, 7], "texture": "#0"},
				"south": {"uv": [7.25, 7, 7.5, 7.25], "texture": "#0"},
				"west": {"uv": [7.25, 7.25, 7.5, 7.5], "texture": "#0"},
				"up": {"uv": [3.25, 7.75, 3, 7.5], "texture": "#0"},
				"down": {"uv": [3.5, 7.5, 3.25, 7.75], "texture": "#0"}
			}
		},
		{
			"from": [-7, 0.7, 8.1],
			"to": [-6, 1.7, 9.1],
			"rotation": {"angle": -45, "axis": "x", "origin": [-12, 0, 8]},
			"faces": {
				"north": {"uv": [3.5, 7.5, 3.75, 7.75], "texture": "#0"},
				"east": {"uv": [3.75, 7.5, 4, 7.75], "texture": "#0"},
				"south": {"uv": [7.5, 6, 7.75, 6.25], "texture": "#0"},
				"west": {"uv": [7.5, 6.25, 7.75, 6.5], "texture": "#0"},
				"up": {"uv": [6.75, 7.75, 6.5, 7.5], "texture": "#0"},
				"down": {"uv": [7.75, 6.5, 7.5, 6.75], "texture": "#0"}
			}
		},
		{
			"from": [-5, 0.7, 8.1],
			"to": [-4, 1.7, 9.1],
			"rotation": {"angle": -45, "axis": "x", "origin": [-12, 0, 8]},
			"faces": {
				"north": {"uv": [7.5, 6.75, 7.75, 7], "texture": "#0"},
				"east": {"uv": [7.5, 7, 7.75, 7.25], "texture": "#0"},
				"south": {"uv": [7.25, 7.5, 7.5, 7.75], "texture": "#0"},
				"west": {"uv": [7.5, 7.25, 7.75, 7.5], "texture": "#0"},
				"up": {"uv": [7.75, 7.75, 7.5, 7.5], "texture": "#0"},
				"down": {"uv": [1.5, 7.75, 1.25, 8], "texture": "#0"}
			}
		},
		{
			"from": [-3, 0.7, 8.1],
			"to": [-2, 1.7, 9.1],
			"rotation": {"angle": -45, "axis": "x", "origin": [-12, 0, 8]},
			"faces": {
				"north": {"uv": [1.5, 7.75, 1.75, 8], "texture": "#0"},
				"east": {"uv": [1.75, 7.75, 2, 8], "texture": "#0"},
				"south": {"uv": [2, 7.75, 2.25, 8], "texture": "#0"},
				"west": {"uv": [2.25, 7.75, 2.5, 8], "texture": "#0"},
				"up": {"uv": [2.75, 8, 2.5, 7.75], "texture": "#0"},
				"down": {"uv": [3, 7.75, 2.75, 8], "texture": "#0"}
			}
		},
		{
			"from": [-1, 0.8, 10],
			"to": [0, 1.8, 11],
			"rotation": {"angle": -45, "axis": "x", "origin": [-12, 0, 8]},
			"faces": {
				"north": {"uv": [3, 7.75, 3.25, 8], "texture": "#0"},
				"east": {"uv": [3.25, 7.75, 3.5, 8], "texture": "#0"},
				"south": {"uv": [3.5, 7.75, 3.75, 8], "texture": "#0"},
				"west": {"uv": [3.75, 7.75, 4, 8], "texture": "#0"},
				"up": {"uv": [4.25, 8, 4, 7.75], "texture": "#0"},
				"down": {"uv": [4.5, 7.75, 4.25, 8], "texture": "#0"}
			}
		},
		{
			"from": [-7, 1.8, 12],
			"to": [-6, 2.8, 13],
			"rotation": {"angle": -45, "axis": "x", "origin": [-12, 0, 8]},
			"faces": {
				"north": {"uv": [4.5, 7.75, 4.75, 8], "texture": "#0"},
				"east": {"uv": [4.75, 7.75, 5, 8], "texture": "#0"},
				"south": {"uv": [5, 7.75, 5.25, 8], "texture": "#0"},
				"west": {"uv": [5.25, 7.75, 5.5, 8], "texture": "#0"},
				"up": {"uv": [5.75, 8, 5.5, 7.75], "texture": "#0"},
				"down": {"uv": [8, 6, 7.75, 6.25], "texture": "#0"}
			}
		},
		{
			"from": [-7, 4.5, 12.5],
			"to": [-6, 5.5, 13.5],
			"rotation": {"angle": -22.5, "axis": "x", "origin": [-12, 0, 8]},
			"faces": {
				"north": {"uv": [7.75, 6.25, 8, 6.5], "texture": "#0"},
				"east": {"uv": [6.5, 7.75, 6.75, 8], "texture": "#0"},
				"south": {"uv": [7.75, 6.5, 8, 6.75], "texture": "#0"},
				"west": {"uv": [7.75, 6.75, 8, 7], "texture": "#0"},
				"up": {"uv": [8, 7.25, 7.75, 7], "texture": "#0"},
				"down": {"uv": [7.5, 7.75, 7.25, 8], "texture": "#0"}
			}
		},
		{
			"from": [-5, 4.5, 12.5],
			"to": [-4, 5.5, 13.5],
			"rotation": {"angle": -22.5, "axis": "x", "origin": [-12, 0, 8]},
			"faces": {
				"north": {"uv": [7.75, 7.25, 8, 7.5], "texture": "#0"},
				"east": {"uv": [7.5, 7.75, 7.75, 8], "texture": "#0"},
				"south": {"uv": [7.75, 7.5, 8, 7.75], "texture": "#0"},
				"west": {"uv": [7.75, 7.75, 8, 8], "texture": "#0"},
				"up": {"uv": [1.5, 8.25, 1.25, 8], "texture": "#0"},
				"down": {"uv": [1.75, 8, 1.5, 8.25], "texture": "#0"}
			}
		},
		{
			"from": [-3, 4.5, 12.5],
			"to": [-2, 5.5, 13.5],
			"rotation": {"angle": -22.5, "axis": "x", "origin": [-12, 0, 8]},
			"faces": {
				"north": {"uv": [1.75, 8, 2, 8.25], "texture": "#0"},
				"east": {"uv": [2, 8, 2.25, 8.25], "texture": "#0"},
				"south": {"uv": [2.25, 8, 2.5, 8.25], "texture": "#0"},
				"west": {"uv": [2.5, 8, 2.75, 8.25], "texture": "#0"},
				"up": {"uv": [3, 8.25, 2.75, 8], "texture": "#0"},
				"down": {"uv": [3.25, 8, 3, 8.25], "texture": "#0"}
			}
		},
		{
			"from": [-1, 4.5, 12.5],
			"to": [0, 5.5, 13.5],
			"rotation": {"angle": -22.5, "axis": "x", "origin": [-12, 0, 8]},
			"faces": {
				"north": {"uv": [3.25, 8, 3.5, 8.25], "texture": "#0"},
				"east": {"uv": [3.5, 8, 3.75, 8.25], "texture": "#0"},
				"south": {"uv": [3.75, 8, 4, 8.25], "texture": "#0"},
				"west": {"uv": [4, 8, 4.25, 8.25], "texture": "#0"},
				"up": {"uv": [4.5, 8.25, 4.25, 8], "texture": "#0"},
				"down": {"uv": [4.75, 8, 4.5, 8.25], "texture": "#0"}
			}
		},
		{
			"from": [-3, 1.8, 12],
			"to": [-2, 2.8, 13],
			"rotation": {"angle": -45, "axis": "x", "origin": [-12, 0, 8]},
			"faces": {
				"north": {"uv": [4.75, 8, 5, 8.25], "texture": "#0"},
				"east": {"uv": [5, 8, 5.25, 8.25], "texture": "#0"},
				"south": {"uv": [5.25, 8, 5.5, 8.25], "texture": "#0"},
				"west": {"uv": [5.5, 8, 5.75, 8.25], "texture": "#0"},
				"up": {"uv": [8.25, 6.25, 8, 6], "texture": "#0"},
				"down": {"uv": [8.25, 6.25, 8, 6.5], "texture": "#0"}
			}
		},
		{
			"from": [-5, 1.8, 12],
			"to": [-4, 2.8, 13],
			"rotation": {"angle": -45, "axis": "x", "origin": [-12, 0, 8]},
			"faces": {
				"north": {"uv": [6.5, 8, 6.75, 8.25], "texture": "#0"},
				"east": {"uv": [8, 6.5, 8.25, 6.75], "texture": "#0"},
				"south": {"uv": [8, 6.75, 8.25, 7], "texture": "#0"},
				"west": {"uv": [7, 8, 7.25, 8.25], "texture": "#0"},
				"up": {"uv": [8.25, 7.25, 8, 7], "texture": "#0"},
				"down": {"uv": [7.5, 8, 7.25, 8.25], "texture": "#0"}
			}
		},
		{
			"from": [-1, 1.8, 12],
			"to": [0, 2.8, 13],
			"rotation": {"angle": -45, "axis": "x", "origin": [-12, 0, 8]},
			"faces": {
				"north": {"uv": [8, 7.25, 8.25, 7.5], "texture": "#0"},
				"east": {"uv": [7.5, 8, 7.75, 8.25], "texture": "#0"},
				"south": {"uv": [8, 7.5, 8.25, 7.75], "texture": "#0"},
				"west": {"uv": [7.75, 8, 8, 8.25], "texture": "#0"},
				"up": {"uv": [8.25, 8, 8, 7.75], "texture": "#0"},
				"down": {"uv": [8.25, 8, 8, 8.25], "texture": "#0"}
			}
		},
		{
			"from": [-3, 0.8, 10],
			"to": [-2, 1.8, 11],
			"rotation": {"angle": -45, "axis": "x", "origin": [-12, 0, 8]},
			"faces": {
				"north": {"uv": [1.25, 8.25, 1.5, 8.5], "texture": "#0"},
				"east": {"uv": [1.5, 8.25, 1.75, 8.5], "texture": "#0"},
				"south": {"uv": [1.75, 8.25, 2, 8.5], "texture": "#0"},
				"west": {"uv": [2, 8.25, 2.25, 8.5], "texture": "#0"},
				"up": {"uv": [2.5, 8.5, 2.25, 8.25], "texture": "#0"},
				"down": {"uv": [2.75, 8.25, 2.5, 8.5], "texture": "#0"}
			}
		},
		{
			"from": [-5, 0.8, 10],
			"to": [-4, 1.8, 11],
			"rotation": {"angle": -45, "axis": "x", "origin": [-12, 0, 8]},
			"faces": {
				"north": {"uv": [2.75, 8.25, 3, 8.5], "texture": "#0"},
				"east": {"uv": [3, 8.25, 3.25, 8.5], "texture": "#0"},
				"south": {"uv": [3.25, 8.25, 3.5, 8.5], "texture": "#0"},
				"west": {"uv": [3.5, 8.25, 3.75, 8.5], "texture": "#0"},
				"up": {"uv": [4, 8.5, 3.75, 8.25], "texture": "#0"},
				"down": {"uv": [4.25, 8.25, 4, 8.5], "texture": "#0"}
			}
		},
		{
			"from": [-7, 0.8, 10],
			"to": [-6, 1.8, 11],
			"rotation": {"angle": -45, "axis": "x", "origin": [-12, 0, 8]},
			"faces": {
				"north": {"uv": [4.25, 8.25, 4.5, 8.5], "texture": "#0"},
				"east": {"uv": [4.5, 8.25, 4.75, 8.5], "texture": "#0"},
				"south": {"uv": [4.75, 8.25, 5, 8.5], "texture": "#0"},
				"west": {"uv": [5, 8.25, 5.25, 8.5], "texture": "#0"},
				"up": {"uv": [5.5, 8.5, 5.25, 8.25], "texture": "#0"},
				"down": {"uv": [5.75, 8.25, 5.5, 8.5], "texture": "#0"}
			}
		}
	],
	"display": {
		"thirdperson_righthand": {
			"rotation": [65, 0, 0],
			"translation": [-5, 2.5, 4.25],
			"scale": [0.6, 0.6, 0.6]
		},
		"thirdperson_lefthand": {
			"rotation": [65, 0, 0],
			"translation": [-7, 2.5, 4.25],
			"scale": [0.6, 0.6, 0.6]
		},
		"firstperson_righthand": {
			"rotation": [90, 0, 0],
			"translation": [-8, 5, 4.75],
			"scale": [0.5, 0.5, 0.5]
		},
		"firstperson_lefthand": {
			"rotation": [90, 0, 0],
			"translation": [-9.75, 5, 4.75],
			"scale": [0.5, 0.5, 0.5]
		},
		"ground": {
			"translation": [0, 12.5, 0]
		},
		"gui": {
			"rotation": [0, 180, 0],
			"translation": [-0.75, 2.75, 0],
			"scale": [0.5, 0.5, 0.5]
		},
		"fixed": {
			"translation": [0.75, 2.75, 0],
			"scale": [0.5, 0.5, 0.5]
		}
	},
	"groups": [
		{
			"name": "bone",
			"origin": [8, 0, 8],
			"color": 0,
			"nbt": "{}",
			"children": [0, 1, 2, 3, 4, 5, 6, 7, 8, 9, 10, 11, 12, 13, 14, 15, 16, 17, 18, 19, 20, 21, 22, 23, 24, 25, 26, 27]
		},
		{
			"name": "bone",
			"origin": [8, 0, 8],
			"color": 0,
			"nbt": "{}",
			"children": [28, 29, 30, 31, 32, 33, 34, 35, 36, 37, 38, 39, 40, 41, 42, 43, 44, 45, 46, 47, 48, 49, 50, 51, 52, 53, 54, 55]
		}
	]
}