{
	"credit": "Made with Blockbench",
	"parent": "item/handheld",
	"textures": {
		"layer0": "ld:item/dragonslayer_greatbow_pulling_1"
	},
	"display": {
		"thirdperson_righthand": {
			"rotation": [-90, 0, -45],
			"translation": [0, -2, 1.5],
			"scale": [2, 2, 1]
		},
		"thirdperson_lefthand": {
			"rotation": [-125, -90, 0],
			"translation": [0, -2, 7.5],
			"scale": [2, 2, 1]
		},
		"firstperson_righthand": {
			"rotation": [35, -70, 60],
			"translation": [2, 4.25, 0],
			"scale": [2, 2, 1]
		},
		"firstperson_lefthand": {
			"rotation": [0, -100, 115],
			"translation": [2, 4.25, 0],
			"scale": [2, 2, 1]
		},
		"ground": {
			"translation": [0, 3.75, 0]
		}
	}
}