{
	"credit": "Made with Blockbench",
	"parent": "item/handheld",
	"textures": {
		"layer0": "ld:item/drakeblood_greatsword"
	},
	"display": {
		"thirdperson_righthand": {
			"rotation": [48, 90, 0],
			"translation": [0, 10.5, 2.25],
			"scale": [1.5, 1.5, 1]
		},
		"thirdperson_lefthand": {
			"rotation": [-48, 90, 0],
			"translation": [0, 10.5, 2.25],
			"scale": [1.5, 1.5, 1]
		},
		"firstperson_righthand": {
			"rotation": [7, 90, 26],
			"translation": [0, 8.75, 0.75],
			"scale": [1, 1, 0.5]
		},
		"firstperson_lefthand": {
			"rotation": [27, -90, 0],
			"translation": [0, 9, 0.5],
			"scale": [1, 1, 0.5]
		},
		"ground": {
			"translation": [0, 4.5, 0]
		},
		"gui": {
			"translation": [1.5, 1.5, 0]
		},
		"fixed": {
			"translation": [1.5, 1.5, 0]
		}
	}
}