{
	"credit": "Made with Blockbench",
	"parent": "item/generated",
	"textures": {
		"layer0": "ld:item/estus_flask"
	},
	"display": {
		"thirdperson_righthand": {
			"rotation": [0, 0, 4],
			"translation": [0, 3.25, 2.25]
		},
		"thirdperson_lefthand": {
			"rotation": [0, 0, -4],
			"translation": [0, 3.25, 2.25]
		},
		"firstperson_righthand": {
			"rotation": [0, 180, 0],
			"translation": [1.75, 3.75, 0]
		},
		"firstperson_lefthand": {
			"translation": [1.75, 3.75, 0]
		},
		"ground": {
			"translation": [0, 4.75, 0]
		},
		"fixed": {
			"rotation": [0, 180, 0]
		}
	}
}