{
	"credit": "Made with Blockbench",
	"texture_size": [32, 32],
	"textures": {
		"0": "ld:item/gtx_690",
		"particle": "ld:item/gtx_690"
	},
	"elements": [
		{
			"from": [3.15, 0.1, 6.75],
			"to": [6.2, 1, 9.5],
			"rotation": {"angle": 0, "axis": "y", "origin": [0.25, 0.1, 0]},
			"faces": {
				"north": {"uv": [2.5, 8, 4, 8.5], "texture": "#0"},
				"east": {"uv": [6, 11.5, 7.5, 12], "texture": "#0"},
				"south": {"uv": [6, 12, 7.5, 12.5], "texture": "#0"},
				"west": {"uv": [2, 12.5, 3.5, 13], "texture": "#0"},
				"up": {"uv": [5.5, 6.5, 4, 5], "texture": "#0"},
				"down": {"uv": [7, 5, 5.5, 6.5], "texture": "#0"}
			}
		},
		{
			"from": [10.25, 0.1, 6.75],
			"to": [13.05, 1, 9.5],
			"rotation": {"angle": 0, "axis": "y", "origin": [-0.5, 0.1, 0]},
			"faces": {
				"north": {"uv": [12.5, 2, 14, 2.5], "texture": "#0"},
				"east": {"uv": [12.5, 2.5, 14, 3], "texture": "#0"},
				"south": {"uv": [12.5, 3, 14, 3.5], "texture": "#0"},
				"west": {"uv": [3.5, 12.5, 5, 13], "texture": "#0"},
				"up": {"uv": [1.5, 7.5, 0, 6], "texture": "#0"},
				"down": {"uv": [3, 6, 1.5, 7.5], "texture": "#0"}
			}
		},
		{
			"from": [1.5, 0.1, 6.25],
			"to": [3.25, 1.1, 10],
			"rotation": {"angle": 0, "axis": "y", "origin": [0.25, 0.1, 0]},
			"faces": {
				"north": {"uv": [13.5, 4, 14.5, 4.5], "texture": "#0"},
				"east": {"uv": [11, 5, 13, 5.5], "texture": "#0"},
				"south": {"uv": [13.5, 4.5, 14.5, 5], "texture": "#0"},
				"west": {"uv": [11, 5.5, 13, 6], "texture": "#0"},
				"up": {"uv": [4, 8, 3, 6], "texture": "#0"},
				"down": {"uv": [7.5, 0, 6.5, 2], "texture": "#0"}
			}
		},
		{
			"from": [12.75, 0.1, 6.25],
			"to": [14.25, 1.1, 10],
			"rotation": {"angle": 0, "axis": "y", "origin": [-0.5, 0.1, 0]},
			"faces": {
				"north": {"uv": [5.5, 13.5, 6.5, 14], "texture": "#0"},
				"east": {"uv": [4, 11.5, 6, 12], "texture": "#0"},
				"south": {"uv": [13.5, 5.5, 14.5, 6], "texture": "#0"},
				"west": {"uv": [11.5, 6.5, 13.5, 7], "texture": "#0"},
				"up": {"uv": [7.5, 4, 6.5, 2], "texture": "#0"},
				"down": {"uv": [5, 6.5, 4, 8.5], "texture": "#0"}
			}
		},
		{
			"from": [5.90538, 0.1, 7.48254],
			"to": [6.36732, 1.05, 8.76746],
			"rotation": {"angle": 0, "axis": "y", "origin": [0.40538, 0.1, 1.23254]},
			"faces": {
				"north": {"uv": [8.5, 14, 9, 14.5], "texture": "#0"},
				"east": {"uv": [14, 8.5, 14.5, 9], "texture": "#0"},
				"south": {"uv": [9, 14, 9.5, 14.5], "texture": "#0"},
				"west": {"uv": [14, 9, 14.5, 9.5], "texture": "#0"},
				"up": {"uv": [10, 14.5, 9.5, 14], "texture": "#0"},
				"down": {"uv": [14.5, 9.5, 14, 10], "texture": "#0"}
			}
		},
		{
			"from": [10.13268, 0.1, 7.48254],
			"to": [10.59462, 1.05, 8.76746],
			"rotation": {"angle": 0, "axis": "y", "origin": [4.63268, 0.1, 1.23254]},
			"faces": {
				"north": {"uv": [14.5, 2, 15, 2.5], "texture": "#0"},
				"east": {"uv": [2.5, 14.5, 3, 15], "texture": "#0"},
				"south": {"uv": [14.5, 2.5, 15, 3], "texture": "#0"},
				"west": {"uv": [3, 14.5, 3.5, 15], "texture": "#0"},
				"up": {"uv": [15, 3.5, 14.5, 3], "texture": "#0"},
				"down": {"uv": [4, 14.5, 3.5, 15], "texture": "#0"}
			}
		},
		{
			"from": [5.87013, 0.1, 5.5777],
			"to": [6.37013, 1.1, 6.8277],
			"rotation": {"angle": -22.5, "axis": "y", "origin": [2.87013, 0.1, -0.6723]},
			"faces": {
				"north": {"uv": [13.5, 13.5, 14, 14], "texture": "#0"},
				"east": {"uv": [0, 14, 0.5, 14.5], "texture": "#0"},
				"south": {"uv": [0.5, 14, 1, 14.5], "texture": "#0"},
				"west": {"uv": [1, 14, 1.5, 14.5], "texture": "#0"},
				"up": {"uv": [2, 14.5, 1.5, 14], "texture": "#0"},
				"down": {"uv": [2.5, 14, 2, 14.5], "texture": "#0"}
			}
		},
		{
			"from": [15.38655, 0.1, 7.98151],
			"to": [15.88655, 1.1, 9.23151],
			"rotation": {"angle": -22.5, "axis": "y", "origin": [12.38655, 0.1, 1.73151]},
			"faces": {
				"north": {"uv": [10.5, 14, 11, 14.5], "texture": "#0"},
				"east": {"uv": [14, 10.5, 14.5, 11], "texture": "#0"},
				"south": {"uv": [11, 14, 11.5, 14.5], "texture": "#0"},
				"west": {"uv": [14, 11, 14.5, 11.5], "texture": "#0"},
				"up": {"uv": [12, 14.5, 11.5, 14], "texture": "#0"},
				"down": {"uv": [14.5, 11.5, 14, 12], "texture": "#0"}
			}
		},
		{
			"from": [0.60824, 0.1, 10.46895],
			"to": [1.10824, 1.1, 11.71895],
			"rotation": {"angle": 22.5, "axis": "y", "origin": [-2.39176, 0.1, 4.21895]},
			"faces": {
				"north": {"uv": [14, 2, 14.5, 2.5], "texture": "#0"},
				"east": {"uv": [2.5, 14, 3, 14.5], "texture": "#0"},
				"south": {"uv": [14, 2.5, 14.5, 3], "texture": "#0"},
				"west": {"uv": [3, 14, 3.5, 14.5], "texture": "#0"},
				"up": {"uv": [14.5, 3.5, 14, 3], "texture": "#0"},
				"down": {"uv": [4, 14, 3.5, 14.5], "texture": "#0"}
			}
		},
		{
			"from": [10.12465, 0.1, 8.06514],
			"to": [10.62465, 1.1, 9.31514],
			"rotation": {"angle": 22.5, "axis": "y", "origin": [7.12465, 0.1, 1.81514]},
			"faces": {
				"north": {"uv": [12, 14, 12.5, 14.5], "texture": "#0"},
				"east": {"uv": [14, 12, 14.5, 12.5], "texture": "#0"},
				"south": {"uv": [12.5, 14, 13, 14.5], "texture": "#0"},
				"west": {"uv": [14, 12.5, 14.5, 13], "texture": "#0"},
				"up": {"uv": [13.5, 14.5, 13, 14], "texture": "#0"},
				"down": {"uv": [14.5, 13, 14, 13.5], "texture": "#0"}
			}
		},
		{
			"from": [8.90819, 0.1, 5.88636],
			"to": [9.40819, 1.05, 6.88636],
			"rotation": {"angle": -22.5, "axis": "y", "origin": [5.90819, 0.1, -0.36364]},
			"faces": {
				"north": {"uv": [7, 14, 7.5, 14.5], "texture": "#0"},
				"east": {"uv": [14, 7, 14.5, 7.5], "texture": "#0"},
				"south": {"uv": [7.5, 14, 8, 14.5], "texture": "#0"},
				"west": {"uv": [14, 7.5, 14.5, 8], "texture": "#0"},
				"up": {"uv": [8.5, 14.5, 8, 14], "texture": "#0"},
				"down": {"uv": [14.5, 8, 14, 8.5], "texture": "#0"}
			}
		},
		{
			"from": [12.84849, 0.1, 7.92285],
			"to": [13.34849, 1.05, 8.92285],
			"rotation": {"angle": -22.5, "axis": "y", "origin": [9.84849, 0.1, 1.42285]},
			"faces": {
				"north": {"uv": [13.5, 14, 14, 14.5], "texture": "#0"},
				"east": {"uv": [14, 13.5, 14.5, 14], "texture": "#0"},
				"south": {"uv": [14, 14, 14.5, 14.5], "texture": "#0"},
				"west": {"uv": [0, 14.5, 0.5, 15], "texture": "#0"},
				"up": {"uv": [15, 0.5, 14.5, 0], "texture": "#0"},
				"down": {"uv": [1, 14.5, 0.5, 15], "texture": "#0"}
			}
		},
		{
			"from": [3.6463, 0.1, 10.4103],
			"to": [4.1463, 1.05, 11.4103],
			"rotation": {"angle": 22.5, "axis": "y", "origin": [0.6463, 0.1, 3.9103]},
			"faces": {
				"north": {"uv": [14, 5, 14.5, 5.5], "texture": "#0"},
				"east": {"uv": [5.5, 14, 6, 14.5], "texture": "#0"},
				"south": {"uv": [6, 14, 6.5, 14.5], "texture": "#0"},
				"west": {"uv": [14, 6, 14.5, 6.5], "texture": "#0"},
				"up": {"uv": [7, 14.5, 6.5, 14], "texture": "#0"},
				"down": {"uv": [14.5, 6.5, 14, 7], "texture": "#0"}
			}
		},
		{
			"from": [7.58659, 0.1, 8.3738],
			"to": [8.08659, 1.05, 9.3738],
			"rotation": {"angle": 22.5, "axis": "y", "origin": [4.58659, 0.1, 2.1238]},
			"faces": {
				"north": {"uv": [14.5, 0.5, 15, 1], "texture": "#0"},
				"east": {"uv": [1, 14.5, 1.5, 15], "texture": "#0"},
				"south": {"uv": [14.5, 1, 15, 1.5], "texture": "#0"},
				"west": {"uv": [1.5, 14.5, 2, 15], "texture": "#0"},
				"up": {"uv": [15, 2, 14.5, 1.5], "texture": "#0"},
				"down": {"uv": [2.5, 14.5, 2, 15], "texture": "#0"}
			}
		},
		{
			"from": [3.25, 0.1, 6.25],
			"to": [6.75, 1.1, 6.75],
			"rotation": {"angle": 0, "axis": "y", "origin": [0.25, 0.1, 0]},
			"faces": {
				"north": {"uv": [11, 6, 13, 6.5], "texture": "#0"},
				"east": {"uv": [14, 3.5, 14.5, 4], "texture": "#0"},
				"south": {"uv": [8.5, 11, 10.5, 11.5], "texture": "#0"},
				"west": {"uv": [4, 14, 4.5, 14.5], "texture": "#0"},
				"up": {"uv": [12.5, 11.5, 10.5, 11], "texture": "#0"},
				"down": {"uv": [2, 11.5, 0, 12], "texture": "#0"}
			}
		},
		{
			"from": [3.25, 0.1, 9.5],
			"to": [6.75, 1.1, 10],
			"rotation": {"angle": 0, "axis": "y", "origin": [0.25, 0.1, 0]},
			"faces": {
				"north": {"uv": [11.5, 0, 13.5, 0.5], "texture": "#0"},
				"east": {"uv": [4.5, 14, 5, 14.5], "texture": "#0"},
				"south": {"uv": [11.5, 0.5, 13.5, 1], "texture": "#0"},
				"west": {"uv": [5, 14, 5.5, 14.5], "texture": "#0"},
				"up": {"uv": [13.5, 1.5, 11.5, 1], "texture": "#0"},
				"down": {"uv": [4, 11.5, 2, 12], "texture": "#0"}
			}
		},
		{
			"from": [9.75, 0.1, 9.5],
			"to": [12.75, 1.1, 10],
			"rotation": {"angle": 0, "axis": "y", "origin": [-0.5, 0.1, 0]},
			"faces": {
				"north": {"uv": [12.5, 3.5, 14, 4], "texture": "#0"},
				"east": {"uv": [10, 14, 10.5, 14.5], "texture": "#0"},
				"south": {"uv": [5, 12.5, 6.5, 13], "texture": "#0"},
				"west": {"uv": [14, 10, 14.5, 10.5], "texture": "#0"},
				"up": {"uv": [14, 8, 12.5, 7.5], "texture": "#0"},
				"down": {"uv": [14, 8, 12.5, 8.5], "texture": "#0"}
			}
		},
		{
			"from": [9.75, 0.1, 6.25],
			"to": [12.75, 1.1, 6.75],
			"rotation": {"angle": 0, "axis": "y", "origin": [-0.5, 0.1, -3.25]},
			"faces": {
				"north": {"uv": [8.5, 12.5, 10, 13], "texture": "#0"},
				"east": {"uv": [5, 15, 5.5, 15.5], "texture": "#0"},
				"south": {"uv": [12.5, 8.5, 14, 9], "texture": "#0"},
				"west": {"uv": [15, 5, 15.5, 5.5], "texture": "#0"},
				"up": {"uv": [14, 9.5, 12.5, 9], "texture": "#0"},
				"down": {"uv": [14, 9.5, 12.5, 10], "texture": "#0"}
			}
		},
		{
			"from": [1.5, 0.28934, 6.64645],
			"to": [6.75, 0.53934, 6.89645],
			"rotation": {"angle": -45, "axis": "x", "origin": [5.75, 0.03934, 5.89645]},
			"faces": {
				"north": {"uv": [0, 7.5, 2.5, 8], "texture": "#0"},
				"east": {"uv": [14.5, 3.5, 15, 4], "texture": "#0"},
				"south": {"uv": [7.5, 1.5, 10, 2], "texture": "#0"},
				"west": {"uv": [4, 14.5, 4.5, 15], "texture": "#0"},
				"up": {"uv": [10, 2.5, 7.5, 2], "texture": "#0"},
				"down": {"uv": [10, 2.5, 7.5, 3], "texture": "#0"}
			}
		},
		{
			"from": [1.5, -0.35711, 6.64645],
			"to": [6.75, -0.10711, 6.89645],
			"rotation": {"angle": -45, "axis": "x", "origin": [5.75, -0.60711, 5.89645]},
			"faces": {
				"north": {"uv": [7.5, 3, 10, 3.5], "texture": "#0"},
				"east": {"uv": [14.5, 4, 15, 4.5], "texture": "#0"},
				"south": {"uv": [7.5, 3.5, 10, 4], "texture": "#0"},
				"west": {"uv": [4.5, 14.5, 5, 15], "texture": "#0"},
				"up": {"uv": [7.5, 8, 5, 7.5], "texture": "#0"},
				"down": {"uv": [10, 7.5, 7.5, 8], "texture": "#0"}
			}
		},
		{
			"from": [1.5, 0.28934, 10.39645],
			"to": [6.75, 0.53934, 10.64645],
			"rotation": {"angle": -45, "axis": "x", "origin": [5.75, 0.03934, 9.64645]},
			"faces": {
				"north": {"uv": [2.5, 8.5, 5, 9], "texture": "#0"},
				"east": {"uv": [14.5, 5, 15, 5.5], "texture": "#0"},
				"south": {"uv": [5, 8.5, 7.5, 9], "texture": "#0"},
				"west": {"uv": [5.5, 14.5, 6, 15], "texture": "#0"},
				"up": {"uv": [10, 9, 7.5, 8.5], "texture": "#0"},
				"down": {"uv": [2.5, 9, 0, 9.5], "texture": "#0"}
			}
		},
		{
			"from": [1.5, -0.35711, 10.39645],
			"to": [6.75, -0.10711, 10.64645],
			"rotation": {"angle": -45, "axis": "x", "origin": [5.75, -0.60711, 9.64645]},
			"faces": {
				"north": {"uv": [0, 8, 2.5, 8.5], "texture": "#0"},
				"east": {"uv": [14.5, 4.5, 15, 5], "texture": "#0"},
				"south": {"uv": [5, 8, 7.5, 8.5], "texture": "#0"},
				"west": {"uv": [5, 14.5, 5.5, 15], "texture": "#0"},
				"up": {"uv": [10, 8.5, 7.5, 8], "texture": "#0"},
				"down": {"uv": [2.5, 8.5, 0, 9], "texture": "#0"}
			}
		},
		{
			"from": [1.5, 0.27678, 6.07322],
			"to": [6.75, 0.92322, 6.32322],
			"rotation": {"angle": 0, "axis": "y", "origin": [5.75, 0.42322, 5.32322]},
			"faces": {
				"north": {"uv": [2.5, 9, 5, 9.5], "texture": "#0"},
				"east": {"uv": [14.5, 5.5, 15, 6], "texture": "#0"},
				"south": {"uv": [5, 9, 7.5, 9.5], "texture": "#0"},
				"west": {"uv": [6, 14.5, 6.5, 15], "texture": "#0"},
				"up": {"uv": [11.5, 7, 9, 6.5], "texture": "#0"},
				"down": {"uv": [11.5, 7, 9, 7.5], "texture": "#0"}
			}
		},
		{
			"from": [1.5, 0.27678, 9.92678],
			"to": [6.75, 0.92322, 10.17678],
			"rotation": {"angle": 0, "axis": "y", "origin": [5.75, 0.42322, 9.17678]},
			"faces": {
				"north": {"uv": [7.5, 9, 10, 9.5], "texture": "#0"},
				"east": {"uv": [14.5, 6, 15, 6.5], "texture": "#0"},
				"south": {"uv": [0, 9.5, 2.5, 10], "texture": "#0"},
				"west": {"uv": [6.5, 14.5, 7, 15], "texture": "#0"},
				"up": {"uv": [5, 10, 2.5, 9.5], "texture": "#0"},
				"down": {"uv": [7.5, 9.5, 5, 10], "texture": "#0"}
			}
		},
		{
			"from": [9.75, 0.28934, 6.64645],
			"to": [14.25, 0.53934, 6.89645],
			"rotation": {"angle": -45, "axis": "x", "origin": [13.25, 0.03934, 5.89645]},
			"faces": {
				"north": {"uv": [5, 10.5, 7.5, 11], "texture": "#0"},
				"east": {"uv": [8, 15, 8.5, 15.5], "texture": "#0"},
				"south": {"uv": [7.5, 10.5, 10, 11], "texture": "#0"},
				"west": {"uv": [15, 8, 15.5, 8.5], "texture": "#0"},
				"up": {"uv": [12.5, 11, 10, 10.5], "texture": "#0"},
				"down": {"uv": [2.5, 11, 0, 11.5], "texture": "#0"}
			}
		},
		{
			"from": [9.75, -0.35711, 6.64645],
			"to": [14.25, -0.10711, 6.89645],
			"rotation": {"angle": -45, "axis": "x", "origin": [13.25, -0.60711, 5.89645]},
			"faces": {
				"north": {"uv": [0, 10.5, 2.5, 11], "texture": "#0"},
				"east": {"uv": [7.5, 15, 8, 15.5], "texture": "#0"},
				"south": {"uv": [2.5, 10.5, 5, 11], "texture": "#0"},
				"west": {"uv": [15, 7.5, 15.5, 8], "texture": "#0"},
				"up": {"uv": [13, 4.5, 10.5, 4], "texture": "#0"},
				"down": {"uv": [13, 4.5, 10.5, 5], "texture": "#0"}
			}
		},
		{
			"from": [9.75, 0.27678, 6.07322],
			"to": [14.25, 0.92322, 6.32322],
			"rotation": {"angle": 0, "axis": "y", "origin": [13.25, 0.42322, 5.32322]},
			"faces": {
				"north": {"uv": [10, 8.5, 12.5, 9], "texture": "#0"},
				"east": {"uv": [7, 15, 7.5, 15.5], "texture": "#0"},
				"south": {"uv": [10, 9, 12.5, 9.5], "texture": "#0"},
				"west": {"uv": [15, 7, 15.5, 7.5], "texture": "#0"},
				"up": {"uv": [12.5, 10, 10, 9.5], "texture": "#0"},
				"down": {"uv": [12.5, 10, 10, 10.5], "texture": "#0"}
			}
		},
		{
			"from": [9.75, 0.28934, 10.39645],
			"to": [14.25, 0.53934, 10.64645],
			"rotation": {"angle": -45, "axis": "x", "origin": [13.25, 0.03934, 9.64645]},
			"faces": {
				"north": {"uv": [5, 10, 7.5, 10.5], "texture": "#0"},
				"east": {"uv": [6.5, 15, 7, 15.5], "texture": "#0"},
				"south": {"uv": [7.5, 10, 10, 10.5], "texture": "#0"},
				"west": {"uv": [15, 6.5, 15.5, 7], "texture": "#0"},
				"up": {"uv": [12.5, 8, 10, 7.5], "texture": "#0"},
				"down": {"uv": [12.5, 8, 10, 8.5], "texture": "#0"}
			}
		},
		{
			"from": [9.75, 0.27678, 9.92678],
			"to": [14.25, 0.92322, 10.17678],
			"rotation": {"angle": 0, "axis": "y", "origin": [13.25, 0.42322, 9.17678]},
			"faces": {
				"north": {"uv": [2.5, 10, 5, 10.5], "texture": "#0"},
				"east": {"uv": [6, 15, 6.5, 15.5], "texture": "#0"},
				"south": {"uv": [10, 2.5, 12.5, 3], "texture": "#0"},
				"west": {"uv": [15, 6, 15.5, 6.5], "texture": "#0"},
				"up": {"uv": [12.5, 3.5, 10, 3], "texture": "#0"},
				"down": {"uv": [12.5, 3.5, 10, 4], "texture": "#0"}
			}
		},
		{
			"from": [9.75, -0.35711, 10.39645],
			"to": [14.25, -0.10711, 10.64645],
			"rotation": {"angle": -45, "axis": "x", "origin": [13.25, -0.60711, 9.64645]},
			"faces": {
				"north": {"uv": [7.5, 9.5, 10, 10], "texture": "#0"},
				"east": {"uv": [5.5, 15, 6, 15.5], "texture": "#0"},
				"south": {"uv": [0, 10, 2.5, 10.5], "texture": "#0"},
				"west": {"uv": [15, 5.5, 15.5, 6], "texture": "#0"},
				"up": {"uv": [12.5, 2, 10, 1.5], "texture": "#0"},
				"down": {"uv": [12.5, 2, 10, 2.5], "texture": "#0"}
			}
		},
		{
			"from": [11.54645, 0.2, 6.25355],
			"to": [12.04645, 1.05, 6.75355],
			"rotation": {"angle": 45, "axis": "y", "origin": [11.54645, 0, 6.25355]},
			"faces": {
				"north": {"uv": [0, 15, 0.5, 15.5], "texture": "#0"},
				"east": {"uv": [15, 0, 15.5, 0.5], "texture": "#0"},
				"south": {"uv": [0.5, 15, 1, 15.5], "texture": "#0"},
				"west": {"uv": [15, 0.5, 15.5, 1], "texture": "#0"},
				"up": {"uv": [1.5, 15.5, 1, 15], "texture": "#0"},
				"down": {"uv": [15.5, 1, 15, 1.5], "texture": "#0"}
			}
		},
		{
			"from": [11.54645, 0.2, 9.99645],
			"to": [12.04645, 1.05, 10.49645],
			"rotation": {"angle": 45, "axis": "y", "origin": [11.54645, 0, 9.99645]},
			"faces": {
				"north": {"uv": [3.5, 15, 4, 15.5], "texture": "#0"},
				"east": {"uv": [15, 3.5, 15.5, 4], "texture": "#0"},
				"south": {"uv": [4, 15, 4.5, 15.5], "texture": "#0"},
				"west": {"uv": [15, 4, 15.5, 4.5], "texture": "#0"},
				"up": {"uv": [5, 15.5, 4.5, 15], "texture": "#0"},
				"down": {"uv": [15.5, 4.5, 15, 5], "texture": "#0"}
			}
		},
		{
			"from": [3.54645, 0.2, 9.99645],
			"to": [4.04645, 1.05, 10.49645],
			"rotation": {"angle": 45, "axis": "y", "origin": [3.54645, 0, 9.99645]},
			"faces": {
				"north": {"uv": [2, 15, 2.5, 15.5], "texture": "#0"},
				"east": {"uv": [15, 2, 15.5, 2.5], "texture": "#0"},
				"south": {"uv": [2.5, 15, 3, 15.5], "texture": "#0"},
				"west": {"uv": [15, 2.5, 15.5, 3], "texture": "#0"},
				"up": {"uv": [3.5, 15.5, 3, 15], "texture": "#0"},
				"down": {"uv": [15.5, 3, 15, 3.5], "texture": "#0"}
			}
		},
		{
			"from": [3.54645, 0.2, 6.25355],
			"to": [4.04645, 1.05, 6.75355],
			"rotation": {"angle": 45, "axis": "y", "origin": [3.54645, 0, 6.25355]},
			"faces": {
				"north": {"uv": [14.5, 13, 15, 13.5], "texture": "#0"},
				"east": {"uv": [13.5, 14.5, 14, 15], "texture": "#0"},
				"south": {"uv": [14.5, 13.5, 15, 14], "texture": "#0"},
				"west": {"uv": [14, 14.5, 14.5, 15], "texture": "#0"},
				"up": {"uv": [15, 14.5, 14.5, 14], "texture": "#0"},
				"down": {"uv": [15, 14.5, 14.5, 15], "texture": "#0"}
			}
		},
		{
			"from": [6.47476, 0.2, 9.31732],
			"to": [7.72476, 1.05, 9.91732],
			"rotation": {"angle": -22.5, "axis": "y", "origin": [6.47476, 0.1, 9.31732]},
			"faces": {
				"north": {"uv": [14.5, 11.5, 15, 12], "texture": "#0"},
				"east": {"uv": [12, 14.5, 12.5, 15], "texture": "#0"},
				"south": {"uv": [14.5, 12, 15, 12.5], "texture": "#0"},
				"west": {"uv": [12.5, 14.5, 13, 15], "texture": "#0"},
				"up": {"uv": [15, 13, 14.5, 12.5], "texture": "#0"},
				"down": {"uv": [13.5, 14.5, 13, 15], "texture": "#0"}
			}
		},
		{
			"from": [9.15, 0.2, 5.9],
			"to": [10.4, 1.05, 6.5],
			"rotation": {"angle": -22.5, "axis": "y", "origin": [9.15, 0.1, 5.9]},
			"faces": {
				"north": {"uv": [14.5, 8.5, 15, 9], "texture": "#0"},
				"east": {"uv": [9, 14.5, 9.5, 15], "texture": "#0"},
				"south": {"uv": [14.5, 9, 15, 9.5], "texture": "#0"},
				"west": {"uv": [9.5, 14.5, 10, 15], "texture": "#0"},
				"up": {"uv": [15, 10, 14.5, 9.5], "texture": "#0"},
				"down": {"uv": [10.5, 14.5, 10, 15], "texture": "#0"}
			}
		},
		{
			"from": [6.24515, 0.2, 6.37835],
			"to": [7.49515, 1.05, 6.97835],
			"rotation": {"angle": 22.5, "axis": "y", "origin": [6.24515, 0.1, 6.37835]},
			"faces": {
				"north": {"uv": [14.5, 10, 15, 10.5], "texture": "#0"},
				"east": {"uv": [10.5, 14.5, 11, 15], "texture": "#0"},
				"south": {"uv": [14.5, 10.5, 15, 11], "texture": "#0"},
				"west": {"uv": [11, 14.5, 11.5, 15], "texture": "#0"},
				"up": {"uv": [15, 11.5, 14.5, 11], "texture": "#0"},
				"down": {"uv": [12, 14.5, 11.5, 15], "texture": "#0"}
			}
		},
		{
			"from": [8.92039, 0.2, 9.79567],
			"to": [10.17039, 1.05, 10.39567],
			"rotation": {"angle": 22.5, "axis": "y", "origin": [8.92039, 0.1, 9.79567]},
			"faces": {
				"north": {"uv": [14.5, 7, 15, 7.5], "texture": "#0"},
				"east": {"uv": [7.5, 14.5, 8, 15], "texture": "#0"},
				"south": {"uv": [14.5, 7.5, 15, 8], "texture": "#0"},
				"west": {"uv": [8, 14.5, 8.5, 15], "texture": "#0"},
				"up": {"uv": [15, 8.5, 14.5, 8], "texture": "#0"},
				"down": {"uv": [9, 14.5, 8.5, 15], "texture": "#0"}
			}
		},
		{
			"from": [3.9, 0.2, 9.75],
			"to": [11.9, 1.05, 10.35],
			"rotation": {"angle": 0, "axis": "y", "origin": [8.15, 0.1, 9.75]},
			"faces": {
				"north": {"uv": [7, 6, 11, 6.5], "texture": "#0"},
				"east": {"uv": [1.5, 15, 2, 15.5], "texture": "#0"},
				"south": {"uv": [7.5, 0, 11.5, 0.5], "texture": "#0"},
				"west": {"uv": [15, 1.5, 15.5, 2], "texture": "#0"},
				"up": {"uv": [11.5, 1, 7.5, 0.5], "texture": "#0"},
				"down": {"uv": [11.5, 1, 7.5, 1.5], "texture": "#0"}
			}
		},
		{
			"from": [3.9, 0.2, 5.9],
			"to": [11.9, 1.05, 6.5],
			"rotation": {"angle": 0, "axis": "y", "origin": [8.15, 0.1, 5.9]},
			"faces": {
				"north": {"uv": [5, 6.5, 9, 7], "texture": "#0"},
				"east": {"uv": [14.5, 6.5, 15, 7], "texture": "#0"},
				"south": {"uv": [5, 7, 9, 7.5], "texture": "#0"},
				"west": {"uv": [7, 14.5, 7.5, 15], "texture": "#0"},
				"up": {"uv": [11, 5.5, 7, 5], "texture": "#0"},
				"down": {"uv": [11, 5.5, 7, 6], "texture": "#0"}
			}
		},
		{
			"from": [6.25, 0.25, 6.25],
			"to": [10.25, 0.85, 9.75],
			"rotation": {"angle": 0, "axis": "y", "origin": [8, 0.1, 7.75]},
			"faces": {
				"north": {"uv": [11.5, 7, 13.5, 7.5], "texture": "#0"},
				"east": {"uv": [8.5, 11.5, 10.5, 12], "texture": "#0"},
				"south": {"uv": [10.5, 11.5, 12.5, 12], "texture": "#0"},
				"west": {"uv": [0, 12, 2, 12.5], "texture": "#0"},
				"up": {"uv": [2, 6, 0, 4], "texture": "#0"},
				"down": {"uv": [4, 4, 2, 6], "texture": "#0"}
			}
		},
		{
			"from": [1.6, 0, 6.2],
			"to": [14.2, 0.15, 10.05],
			"rotation": {"angle": 0, "axis": "y", "origin": [13.1, -0.2, 9.5]},
			"faces": {
				"north": {"uv": [4, 4, 10.5, 4.5], "texture": "#0"},
				"east": {"uv": [0, 12.5, 2, 13], "texture": "#0"},
				"south": {"uv": [4, 4.5, 10.5, 5], "texture": "#0"},
				"west": {"uv": [12.5, 1.5, 14.5, 2], "texture": "#0"},
				"up": {"uv": [6.5, 2, 0, 0], "texture": "#0"},
				"down": {"uv": [6.5, 2, 0, 4], "texture": "#0"}
			}
		},
		{
			"from": [3.35, 0.05, 9.9],
			"to": [7.5, 0.1, 10.35],
			"rotation": {"angle": 0, "axis": "y", "origin": [13.6, -0.15, 13.55]},
			"faces": {
				"north": {"uv": [2, 12, 4, 12.5], "texture": "#0"},
				"east": {"uv": [15, 15, 15.5, 15.5], "texture": "#0"},
				"south": {"uv": [4, 12, 6, 12.5], "texture": "#0"},
				"west": {"uv": [0, 15.5, 0.5, 16], "texture": "#0"},
				"up": {"uv": [10.5, 12.5, 8.5, 12], "texture": "#0"},
				"down": {"uv": [12.5, 12, 10.5, 12.5], "texture": "#0"}
			}
		},
		{
			"from": [3.35, 0.05, 10.35],
			"to": [3.75, 0.1, 10.55],
			"rotation": {"angle": 0, "axis": "y", "origin": [13.6, -0.15, 13.75]},
			"faces": {
				"north": {"uv": [15.5, 1.5, 16, 2], "texture": "#0"},
				"east": {"uv": [2, 15.5, 2.5, 16], "texture": "#0"},
				"south": {"uv": [15.5, 2, 16, 2.5], "texture": "#0"},
				"west": {"uv": [2.5, 15.5, 3, 16], "texture": "#0"},
				"up": {"uv": [16, 3, 15.5, 2.5], "texture": "#0"},
				"down": {"uv": [3.5, 15.5, 3, 16], "texture": "#0"}
			}
		},
		{
			"from": [7.25, 0.05, 10.35],
			"to": [7.9, 0.1, 10.55],
			"rotation": {"angle": 0, "axis": "y", "origin": [17.5, -0.15, 13.75]},
			"faces": {
				"north": {"uv": [15.5, 3.5, 16, 4], "texture": "#0"},
				"east": {"uv": [4, 15.5, 4.5, 16], "texture": "#0"},
				"south": {"uv": [15.5, 4, 16, 4.5], "texture": "#0"},
				"west": {"uv": [4.5, 15.5, 5, 16], "texture": "#0"},
				"up": {"uv": [16, 5, 15.5, 4.5], "texture": "#0"},
				"down": {"uv": [5.5, 15.5, 5, 16], "texture": "#0"}
			}
		},
		{
			"from": [3.85, 0.05, 10.35],
			"to": [7, 0.1, 10.55],
			"rotation": {"angle": 0, "axis": "y", "origin": [14.1, -0.15, 13.75]},
			"faces": {
				"north": {"uv": [10, 12.5, 11.5, 13], "texture": "#0"},
				"east": {"uv": [15.5, 3, 16, 3.5], "texture": "#0"},
				"south": {"uv": [12.5, 10, 14, 10.5], "texture": "#0"},
				"west": {"uv": [3.5, 15.5, 4, 16], "texture": "#0"},
				"up": {"uv": [14, 11, 12.5, 10.5], "texture": "#0"},
				"down": {"uv": [14, 11, 12.5, 11.5], "texture": "#0"}
			}
		},
		{
			"from": [2.85, 0.05, 9.9],
			"to": [3.25, 0.1, 10.45],
			"rotation": {"angle": 0, "axis": "y", "origin": [13.1, -0.15, 13.55]},
			"faces": {
				"north": {"uv": [15.5, 0, 16, 0.5], "texture": "#0"},
				"east": {"uv": [0.5, 15.5, 1, 16], "texture": "#0"},
				"south": {"uv": [15.5, 0.5, 16, 1], "texture": "#0"},
				"west": {"uv": [1, 15.5, 1.5, 16], "texture": "#0"},
				"up": {"uv": [16, 1.5, 15.5, 1], "texture": "#0"},
				"down": {"uv": [2, 15.5, 1.5, 16], "texture": "#0"}
			}
		},
		{
			"from": [1.05, 0, 6],
			"to": [1.4, 1.2, 6.1],
			"rotation": {"angle": 0, "axis": "y", "origin": [0.4, 0.1, 7]},
			"faces": {
				"north": {"uv": [9, 15, 9.5, 15.5], "texture": "#0"},
				"east": {"uv": [15, 9, 15.5, 9.5], "texture": "#0"},
				"south": {"uv": [9.5, 15, 10, 15.5], "texture": "#0"},
				"west": {"uv": [15, 9.5, 15.5, 10], "texture": "#0"},
				"up": {"uv": [10.5, 15.5, 10, 15], "texture": "#0"},
				"down": {"uv": [15.5, 10, 15, 10.5], "texture": "#0"}
			}
		},
		{
			"from": [1.4, 0, 10.75],
			"to": [1.5, 0.2, 11],
			"rotation": {"angle": 0, "axis": "y", "origin": [0.5, -0.65, 7.5]},
			"faces": {
				"north": {"uv": [12, 15, 12.5, 15.5], "texture": "#0"},
				"east": {"uv": [15, 12, 15.5, 12.5], "texture": "#0"},
				"south": {"uv": [12.5, 15, 13, 15.5], "texture": "#0"},
				"west": {"uv": [15, 12.5, 15.5, 13], "texture": "#0"},
				"up": {"uv": [13.5, 15.5, 13, 15], "texture": "#0"},
				"down": {"uv": [15.5, 13, 15, 13.5], "texture": "#0"}
			}
		},
		{
			"from": [1.4, 1, 10.75],
			"to": [1.5, 1.2, 11],
			"rotation": {"angle": 0, "axis": "y", "origin": [0.5, 0.1, 7.5]},
			"faces": {
				"north": {"uv": [10.5, 15, 11, 15.5], "texture": "#0"},
				"east": {"uv": [15, 10.5, 15.5, 11], "texture": "#0"},
				"south": {"uv": [11, 15, 11.5, 15.5], "texture": "#0"},
				"west": {"uv": [15, 11, 15.5, 11.5], "texture": "#0"},
				"up": {"uv": [12, 15.5, 11.5, 15], "texture": "#0"},
				"down": {"uv": [15.5, 11.5, 15, 12], "texture": "#0"}
			}
		},
		{
			"from": [1.5, 0, 10],
			"to": [2.35, 1.2, 10.4],
			"rotation": {"angle": 0, "axis": "y", "origin": [0.6, 0.1, 6.75]},
			"faces": {
				"north": {"uv": [13.5, 15, 14, 15.5], "texture": "#0"},
				"east": {"uv": [15, 13.5, 15.5, 14], "texture": "#0"},
				"south": {"uv": [14, 15, 14.5, 15.5], "texture": "#0"},
				"west": {"uv": [15, 14, 15.5, 14.5], "texture": "#0"},
				"up": {"uv": [15, 15.5, 14.5, 15], "texture": "#0"},
				"down": {"uv": [15.5, 14.5, 15, 15], "texture": "#0"}
			}
		},
		{
			"from": [1.4, 0, 6],
			"to": [1.5, 1.2, 10.75],
			"rotation": {"angle": 0, "axis": "y", "origin": [0.5, 0.1, 7]},
			"faces": {
				"north": {"uv": [8.5, 15, 9, 15.5], "texture": "#0"},
				"east": {"uv": [2.5, 11, 5, 11.5], "texture": "#0"},
				"south": {"uv": [15, 8.5, 15.5, 9], "texture": "#0"},
				"west": {"uv": [5, 11, 7.5, 11.5], "texture": "#0"},
				"up": {"uv": [8, 13.5, 7.5, 11], "texture": "#0"},
				"down": {"uv": [8.5, 11, 8, 13.5], "texture": "#0"}
			}
		},
		{
			"name": "hexadecagon",
			"from": [8.10082, 0.35, 7.4],
			"to": [8.39918, 1, 8.9],
			"rotation": {"angle": -45, "axis": "y", "origin": [8.25, 0.75, 8.15]},
			"faces": {
				"north": {"uv": [2.5, 7.5, 3, 8], "texture": "#0"},
				"east": {"uv": [6.5, 12.5, 7.5, 13], "texture": "#0"},
				"south": {"uv": [12, 13, 12.5, 13.5], "texture": "#0"},
				"west": {"uv": [11.5, 12.5, 12.5, 13], "texture": "#0"},
				"up": {"uv": [13, 12.5, 12.5, 11.5], "texture": "#0"},
				"down": {"uv": [13, 12.5, 12.5, 13.5], "texture": "#0"}
			}
		},
		{
			"name": "hexadecagon",
			"from": [8.10082, 0.35, 7.4],
			"to": [8.39918, 1, 8.9],
			"rotation": {"angle": -22.5, "axis": "y", "origin": [8.25, 0.75, 8.15]},
			"faces": {
				"north": {"uv": [13.5, 6, 14, 6.5], "texture": "#0"},
				"east": {"uv": [0, 13, 1, 13.5], "texture": "#0"},
				"south": {"uv": [13.5, 6.5, 14, 7], "texture": "#0"},
				"west": {"uv": [1, 13, 2, 13.5], "texture": "#0"},
				"up": {"uv": [2.5, 14, 2, 13], "texture": "#0"},
				"down": {"uv": [3, 13, 2.5, 14], "texture": "#0"}
			}
		},
		{
			"name": "hexadecagon",
			"from": [8.10082, 0.35, 7.4],
			"to": [8.39918, 1, 8.9],
			"rotation": {"angle": 0, "axis": "y", "origin": [8.25, 0.75, 8.15]},
			"faces": {
				"north": {"uv": [13.5, 7, 14, 7.5], "texture": "#0"},
				"east": {"uv": [3, 13, 4, 13.5], "texture": "#0"},
				"south": {"uv": [7.5, 13.5, 8, 14], "texture": "#0"},
				"west": {"uv": [4, 13, 5, 13.5], "texture": "#0"},
				"up": {"uv": [13.5, 5, 13, 4], "texture": "#0"},
				"down": {"uv": [5.5, 13, 5, 14], "texture": "#0"}
			}
		},
		{
			"name": "hexadecagon",
			"from": [8.10082, 0.35, 7.4],
			"to": [8.39918, 1, 8.9],
			"rotation": {"angle": 22.5, "axis": "y", "origin": [8.25, 0.75, 8.15]},
			"faces": {
				"north": {"uv": [8, 13.5, 8.5, 14], "texture": "#0"},
				"east": {"uv": [13, 5, 14, 5.5], "texture": "#0"},
				"south": {"uv": [8.5, 13.5, 9, 14], "texture": "#0"},
				"west": {"uv": [5.5, 13, 6.5, 13.5], "texture": "#0"},
				"up": {"uv": [13.5, 6.5, 13, 5.5], "texture": "#0"},
				"down": {"uv": [7, 13, 6.5, 14], "texture": "#0"}
			}
		},
		{
			"name": "hexadecagon",
			"from": [8.10082, 0.35, 7.4],
			"to": [8.39918, 1, 8.9],
			"rotation": {"angle": 45, "axis": "y", "origin": [8.25, 0.75, 8.15]},
			"faces": {
				"north": {"uv": [9, 13.5, 9.5, 14], "texture": "#0"},
				"east": {"uv": [8.5, 13, 9.5, 13.5], "texture": "#0"},
				"south": {"uv": [9.5, 13.5, 10, 14], "texture": "#0"},
				"west": {"uv": [9.5, 13, 10.5, 13.5], "texture": "#0"},
				"up": {"uv": [7.5, 14, 7, 13], "texture": "#0"},
				"down": {"uv": [11, 13, 10.5, 14], "texture": "#0"}
			}
		},
		{
			"name": "hexadecagon",
			"from": [7.5, 0.35, 8.00082],
			"to": [9, 1, 8.29918],
			"rotation": {"angle": -22.5, "axis": "y", "origin": [8.25, 0.75, 8.15]},
			"faces": {
				"north": {"uv": [11, 13, 12, 13.5], "texture": "#0"},
				"east": {"uv": [10, 13.5, 10.5, 14], "texture": "#0"},
				"south": {"uv": [13, 11.5, 14, 12], "texture": "#0"},
				"west": {"uv": [11, 13.5, 11.5, 14], "texture": "#0"},
				"up": {"uv": [14, 12.5, 13, 12], "texture": "#0"},
				"down": {"uv": [14, 12.5, 13, 13], "texture": "#0"}
			}
		},
		{
			"name": "hexadecagon",
			"from": [7.5, 0.35, 8.00082],
			"to": [9, 1, 8.29918],
			"rotation": {"angle": 0, "axis": "y", "origin": [8.25, 0.75, 8.15]},
			"faces": {
				"north": {"uv": [13, 13, 14, 13.5], "texture": "#0"},
				"east": {"uv": [11.5, 13.5, 12, 14], "texture": "#0"},
				"south": {"uv": [0, 13.5, 1, 14], "texture": "#0"},
				"west": {"uv": [12, 13.5, 12.5, 14], "texture": "#0"},
				"up": {"uv": [14.5, 0.5, 13.5, 0], "texture": "#0"},
				"down": {"uv": [14.5, 0.5, 13.5, 1], "texture": "#0"}
			}
		},
		{
			"name": "hexadecagon",
			"from": [7.5, 0.35, 8.00082],
			"to": [9, 1, 8.29918],
			"rotation": {"angle": 22.5, "axis": "y", "origin": [8.25, 0.75, 8.15]},
			"faces": {
				"north": {"uv": [1, 13.5, 2, 14], "texture": "#0"},
				"east": {"uv": [12.5, 13.5, 13, 14], "texture": "#0"},
				"south": {"uv": [13.5, 1, 14.5, 1.5], "texture": "#0"},
				"west": {"uv": [13, 13.5, 13.5, 14], "texture": "#0"},
				"up": {"uv": [4, 14, 3, 13.5], "texture": "#0"},
				"down": {"uv": [5, 13.5, 4, 14], "texture": "#0"}
			}
		}
	],
	"display": {
		"thirdperson_righthand": {
			"rotation": [0, 0, 90],
			"translation": [-5.5, 3, 0],
			"scale": [0.75, 0.75, 0.75]
		},
		"thirdperson_lefthand": {
			"rotation": [0, 0, 90],
			"translation": [-5.75, 3, 0],
			"scale": [0.75, 0.75, 0.75]
		},
		"firstperson_righthand": {
			"rotation": [-15, 0, 90],
			"translation": [-7, 3, 0]
		},
		"firstperson_lefthand": {
			"rotation": [-15, 0, 90],
			"translation": [-7, 3, 0]
		},
		"ground": {
			"translation": [0, 3, 0],
			"scale": [0.5, 0.5, 0.5]
		},
		"gui": {
			"rotation": [80, 5, -30],
			"translation": [3.75, 1.25, 0]
		},
		"head": {
			"rotation": [-90, 90, 0],
			"translation": [-0.75, -18.5, -30],
			"scale": [4, 4, 4]
		},
		"fixed": {
			"rotation": [-90, -180, 0],
			"translation": [0, 0, -7.75]
		}
	},
	"groups": [
		{
			"name": "body",
			"origin": [0, 0, 0],
			"color": 0,
			"children": [
				0,
				1,
				2,
				3,
				4,
				5,
				6,
				7,
				8,
				9,
				10,
				11,
				12,
				13,
				14,
				15,
				16,
				17,
				18,
				19,
				20,
				21,
				22,
				23,
				24,
				25,
				26,
				27,
				28,
				29,
				30,
				31,
				32,
				33,
				34,
				35,
				36,
				37,
				38,
				39,
				40,
				41,
				42,
				43,
				44,
				45,
				46,
				47,
				48,
				49,
				50,
				51,
				{
					"name": "fan",
					"origin": [8, 8, 8],
					"color": 0,
					"children": [52, 53, 54, 55, 56, 57, 58, 59]
				}
			]
		}
	]
}