{
	"credit": "Made with Blockbench",
	"parent": "item/generated",
	"textures": {
		"layer0": "ld:item/gundyr_halberd"
	},
	"display": {
		"thirdperson_righthand": {
			"rotation": [-75, -90, -45],
			"translation": [-2.25, 3.75, 3.75],
			"scale": [4, 4, 0.5]
		},
		"thirdperson_lefthand": {
			"rotation": [22.5, 90, -45],
			"translation": [-2.25, 3.75, 3.75],
			"scale": [4, 4, 0.5]
		},
		"firstperson_righthand": {
			"rotation": [5, -49, 35],
			"translation": [5.75, 0, -3.5],
			"scale": [2.5, 2.5, 0.5]
		},
		"firstperson_lefthand": {
			"rotation": [3, 111, -34],
			"translation": [7, -0.25, -2.5],
			"scale": [2.5, 2.5, 0.5]
		},
		"ground": {
			"rotation": [0, 0, 65],
			"translation": [0, 9.25, 0],
			"scale": [2, 2, 0.5]
		},
		"gui": {
			"rotation": [0, 180, 65],
			"scale": [1.25, 1.25, 0.5]
		},
		"fixed": {
			"rotation": [0, 0, 65],
			"scale": [1.25, 1.25, 0.5]
		}
	}
}