{
	"credit": "Made with Blockbench",
	"parent": "minecraft:item/generated",
	"textures": {
		"layer0": "ld:item/murky_hand_scythe"
	},
	"display": {
		"thirdperson_righthand": {
			"rotation": [-180, 0, 40],
			"translation": [1.25, 6, 2.25]
		},
		"thirdperson_lefthand": {
			"rotation": [-40, 0, 137],
			"translation": [1.25, 5, -2.25]
		},
		"firstperson_righthand": {
			"rotation": [125, 24, 31],
			"translation": [1, 5.75, 0]
		},
		"firstperson_lefthand": {
			"rotation": [131, -180, -37],
			"translation": [1, 5.75, 0]
		},
		"ground": {
			"translation": [0, 2.75, 0]
		},
		"gui": {
			"rotation": [0, 0, -5]
		},
		"fixed": {
			"rotation": [0, 180, -5]
		}
	}
}