{
	"credit": "Made with Blockbench",
	"texture_size": [64, 64],
	"textures": {
		"0": "ld:item/old_sorcerer_hat",
		"1": "ld:item/old_sorcerer_hat_item",
		"particle": "ld:item/old_sorcerer_hat"
	},
	"elements": [
		{
			"from": [1, 3, 1],
			"to": [15, 4, 15],
			"faces": {
				"north": {"uv": [6.5, 5.25, 10, 5.5], "texture": "#0"},
				"east": {"uv": [6.5, 5.5, 10, 5.75], "texture": "#0"},
				"south": {"uv": [6.5, 5.75, 10, 6], "texture": "#0"},
				"west": {"uv": [3.5, 6.75, 7, 7], "texture": "#0"},
				"up": {"uv": [3.5, 3.5, 0, 0], "texture": "#0"},
				"down": {"uv": [16, 0, 0, 16], "texture": "#1"}
			}
		},
		{
			"from": [0, 0, 1],
			"to": [1, 3, 15],
			"faces": {
				"north": {"uv": [7, 7.25, 7.25, 8], "texture": "#0"},
				"east": {"uv": [3.5, 6, 7, 6.75], "texture": "#0"},
				"south": {"uv": [7.25, 7.25, 7.5, 8], "texture": "#0"},
				"west": {"uv": [6.5, 0, 10, 0.75], "texture": "#0"},
				"up": {"uv": [0.25, 10.5, 0, 7], "texture": "#0"},
				"down": {"uv": [0.5, 7, 0.25, 10.5], "texture": "#0"}
			}
		},
		{
			"from": [15, 0, 1],
			"to": [16, 3, 15],
			"faces": {
				"north": {"uv": [1, 7.5, 1.25, 8.25], "texture": "#0"},
				"east": {"uv": [6.5, 0.75, 10, 1.5], "texture": "#0"},
				"south": {"uv": [1.25, 7.5, 1.5, 8.25], "texture": "#0"},
				"west": {"uv": [6.5, 1.5, 10, 2.25], "texture": "#0"},
				"up": {"uv": [0.75, 10.5, 0.5, 7], "texture": "#0"},
				"down": {"uv": [1, 7, 0.75, 10.5], "texture": "#0"}
			}
		},
		{
			"from": [1, 0, 15],
			"to": [15, 3, 16],
			"faces": {
				"north": {"uv": [6.5, 2.25, 10, 3], "texture": "#0"},
				"east": {"uv": [1.5, 7.5, 1.75, 8.25], "texture": "#0"},
				"south": {"uv": [6.5, 3, 10, 3.75], "texture": "#0"},
				"west": {"uv": [1.75, 7.5, 2, 8.25], "texture": "#0"},
				"up": {"uv": [4.5, 7.25, 1, 7], "texture": "#0"},
				"down": {"uv": [8, 7, 4.5, 7.25], "texture": "#0"}
			}
		},
		{
			"from": [1, 0, 0],
			"to": [15, 3, 1],
			"faces": {
				"north": {"uv": [6.5, 3.75, 10, 4.5], "texture": "#0"},
				"east": {"uv": [2, 7.5, 2.25, 8.25], "texture": "#0"},
				"south": {"uv": [6.5, 4.5, 10, 5.25], "texture": "#0"},
				"west": {"uv": [2.25, 7.5, 2.5, 8.25], "texture": "#0"},
				"up": {"uv": [10.5, 6.25, 7, 6], "texture": "#0"},
				"down": {"uv": [10.5, 6.25, 7, 6.5], "texture": "#0"}
			}
		},
		{
			"from": [2, 4, 2],
			"to": [14, 5, 14],
			"faces": {
				"north": {"uv": [7, 6.5, 10, 6.75], "texture": "#0"},
				"east": {"uv": [7, 6.75, 10, 7], "texture": "#0"},
				"south": {"uv": [1, 7.25, 4, 7.5], "texture": "#0"},
				"west": {"uv": [4, 7.25, 7, 7.5], "texture": "#0"},
				"up": {"uv": [6.5, 3, 3.5, 0], "texture": "#0"},
				"down": {"uv": [6.5, 3, 3.5, 6], "texture": "#0"}
			}
		}
	],
	"display": {
		"thirdperson_righthand": {
			"rotation": [90, 180, 180],
			"translation": [0, 2, 0],
			"scale": [1, 0, 0.7]
		},
		"thirdperson_lefthand": {
			"rotation": [90, 180, 180],
			"scale": [1, 0, 0.5]
		},
		"firstperson_righthand": {
			"rotation": [-100, 0, -60],
			"translation": [-2.5, 3.5, 1.75],
			"scale": [0.7, 0, 0.5]
		},
		"firstperson_lefthand": {
			"rotation": [-100, 0, -60],
			"translation": [-2.5, 3.5, 1.75],
			"scale": [0.7, 0, 0.5]
		},
		"ground": {
			"translation": [0, 6.5, 0]
		},
		"gui": {
			"rotation": [-90, 0, 0],
			"translation": [0.5, 0, 0],
			"scale": [1.5, 0, 1]
		},
		"head": {
			"translation": [0, 10.5, 0]
		},
		"fixed": {
			"rotation": [90, 180, 0],
			"scale": [1.5, 0, 1]
		}
	}
}