{
	"credit": "Made with Blockbench",
	"texture_size": [32, 32],
	"textures": {
		"0": "ld:item/rtx_4090",
		"1": "ld:block/cable",
		"particle": "ld:item/rtx_4090"
	},
	"elements": [
		{
			"from": [2.5, 0.2, 6.25],
			"to": [6.25, 1.45, 10.5],
			"rotation": {"angle": 0, "axis": "y", "origin": [0.5, 0.2, 0.5]},
			"faces": {
				"north": {"uv": [1.5, 8, 3.5, 8.5], "texture": "#0"},
				"east": {"uv": [3.5, 8, 5.5, 8.5], "texture": "#0"},
				"south": {"uv": [8, 4, 10, 4.5], "texture": "#0"},
				"west": {"uv": [8, 4.5, 10, 5], "texture": "#0"},
				"up": {"uv": [2, 2, 0, 0], "texture": "#0"},
				"down": {"uv": [2, 2, 0, 4], "texture": "#0"}
			}
		},
		{
			"from": [10.9, 0.2, 6.25],
			"to": [14.5, 1.45, 6.75],
			"rotation": {"angle": 0, "axis": "y", "origin": [8.65, 0.2, 0.5]},
			"faces": {
				"north": {"uv": [5.5, 8, 7.5, 8.5], "texture": "#0"},
				"east": {"uv": [7, 7.5, 7.5, 8], "texture": "#0"},
				"south": {"uv": [8, 6.5, 10, 7], "texture": "#0"},
				"west": {"uv": [11, 3.5, 11.5, 4], "texture": "#0"},
				"up": {"uv": [10, 7.5, 8, 7], "texture": "#0"},
				"down": {"uv": [10, 7.5, 8, 8], "texture": "#0"}
			}
		},
		{
			"from": [5.15216, 0.2, 11.11612],
			"to": [8.15216, 1.45, 11.61612],
			"rotation": {"angle": 45, "axis": "y", "origin": [3.65216, 0.2, 5.36612]},
			"faces": {
				"north": {"uv": [3.5, 6, 5, 6.5], "texture": "#0"},
				"east": {"uv": [5, 12, 5.5, 12.5], "texture": "#0"},
				"south": {"uv": [8.5, 9.5, 10, 10], "texture": "#0"},
				"west": {"uv": [12, 5, 12.5, 5.5], "texture": "#0"},
				"up": {"uv": [2.5, 10.5, 1, 10], "texture": "#0"},
				"down": {"uv": [4, 10, 2.5, 10.5], "texture": "#0"}
			}
		},
		{
			"from": [9.60926, 0.2, 13.9519],
			"to": [11.00926, 1.45, 14.4519],
			"rotation": {"angle": 45, "axis": "y", "origin": [6.60926, 0.2, 8.2019]},
			"faces": {
				"north": {"uv": [12, 5.5, 12.5, 6], "texture": "#0"},
				"east": {"uv": [12, 6, 12.5, 6.5], "texture": "#0"},
				"south": {"uv": [12, 6.5, 12.5, 7], "texture": "#0"},
				"west": {"uv": [12, 7, 12.5, 7.5], "texture": "#0"},
				"up": {"uv": [8, 12.5, 7.5, 12], "texture": "#0"},
				"down": {"uv": [12.5, 7.5, 12, 8], "texture": "#0"}
			}
		},
		{
			"from": [14.13744, 0.2, 8.6486],
			"to": [16.63744, 1.45, 9.1486],
			"rotation": {"angle": -45, "axis": "y", "origin": [12.13744, 0.2, 2.8986]},
			"faces": {
				"north": {"uv": [4, 10, 5.5, 10.5], "texture": "#0"},
				"east": {"uv": [8, 12, 8.5, 12.5], "texture": "#0"},
				"south": {"uv": [10, 4, 11.5, 4.5], "texture": "#0"},
				"west": {"uv": [12, 8, 12.5, 8.5], "texture": "#0"},
				"up": {"uv": [11.5, 5, 10, 4.5], "texture": "#0"},
				"down": {"uv": [7, 10, 5.5, 10.5], "texture": "#0"}
			}
		},
		{
			"from": [18.09454, 0.2, 5.81282],
			"to": [19.49454, 1.45, 6.31282],
			"rotation": {"angle": -45, "axis": "y", "origin": [15.09454, 0.2, 0.06282]},
			"faces": {
				"north": {"uv": [8.5, 12, 9, 12.5], "texture": "#0"},
				"east": {"uv": [12, 8.5, 12.5, 9], "texture": "#0"},
				"south": {"uv": [9, 12, 9.5, 12.5], "texture": "#0"},
				"west": {"uv": [12, 9, 12.5, 9.5], "texture": "#0"},
				"up": {"uv": [12.5, 10, 12, 9.5], "texture": "#0"},
				"down": {"uv": [10.5, 12, 10, 12.5], "texture": "#0"}
			}
		},
		{
			"from": [10.9, 0.2, 10],
			"to": [14.5, 1.45, 10.5],
			"rotation": {"angle": 0, "axis": "y", "origin": [8.65, 0.2, 4.25]},
			"faces": {
				"north": {"uv": [8, 8, 10, 8.5], "texture": "#0"},
				"east": {"uv": [12, 10, 12.5, 10.5], "texture": "#0"},
				"south": {"uv": [1.5, 8.5, 3.5, 9], "texture": "#0"},
				"west": {"uv": [10.5, 12, 11, 12.5], "texture": "#0"},
				"up": {"uv": [5.5, 9, 3.5, 8.5], "texture": "#0"},
				"down": {"uv": [10.5, 5, 8.5, 5.5], "texture": "#0"}
			}
		},
		{
			"from": [9.83934, 0.2, 7.51066],
			"to": [10.33934, 1.45, 9.23934],
			"rotation": {"angle": 0, "axis": "y", "origin": [4.08934, 0.2, 11.68934]},
			"faces": {
				"north": {"uv": [12, 10.5, 12.5, 11], "texture": "#0"},
				"east": {"uv": [4.5, 10.5, 5.5, 11], "texture": "#0"},
				"south": {"uv": [11, 12, 11.5, 12.5], "texture": "#0"},
				"west": {"uv": [10.5, 5, 11.5, 5.5], "texture": "#0"},
				"up": {"uv": [6, 11.5, 5.5, 10.5], "texture": "#0"},
				"down": {"uv": [6.5, 10.5, 6, 11.5], "texture": "#0"}
			}
		},
		{
			"from": [9.33934, 0.2, 8.01066],
			"to": [9.83934, 1.45, 8.73934],
			"rotation": {"angle": 0, "axis": "y", "origin": [3.58934, 0.2, 11.68934]},
			"faces": {
				"north": {"uv": [12, 11, 12.5, 11.5], "texture": "#0"},
				"east": {"uv": [12, 11.5, 12.5, 12], "texture": "#0"},
				"south": {"uv": [12, 12, 12.5, 12.5], "texture": "#0"},
				"west": {"uv": [0, 12.5, 0.5, 13], "texture": "#0"},
				"up": {"uv": [1, 13, 0.5, 12.5], "texture": "#0"},
				"down": {"uv": [1.5, 12.5, 1, 13], "texture": "#0"}
			}
		},
		{
			"from": [10.26066, 0.2, 6.75],
			"to": [13.75, 1.35, 10],
			"rotation": {"angle": 0, "axis": "y", "origin": [6.96066, 0.2, 11.68934]},
			"faces": {
				"north": {"uv": [10, 6, 11.5, 6.5], "texture": "#0"},
				"east": {"uv": [10, 6.5, 11.5, 7], "texture": "#0"},
				"south": {"uv": [10, 7, 11.5, 7.5], "texture": "#0"},
				"west": {"uv": [10, 7.5, 11.5, 8], "texture": "#0"},
				"up": {"uv": [6.5, 6.5, 5, 5], "texture": "#0"},
				"down": {"uv": [7, 0, 5.5, 1.5], "texture": "#0"}
			}
		},
		{
			"from": [13.61066, 0.2, 6.75],
			"to": [14.5, 1.45, 10],
			"rotation": {"angle": 0, "axis": "y", "origin": [7.96066, 0.2, 11.68934]},
			"faces": {
				"north": {"uv": [1.5, 12.5, 2, 13], "texture": "#0"},
				"east": {"uv": [10, 8, 11.5, 8.5], "texture": "#0"},
				"south": {"uv": [2, 12.5, 2.5, 13], "texture": "#0"},
				"west": {"uv": [8.5, 10, 10, 10.5], "texture": "#0"},
				"up": {"uv": [7.5, 11.5, 7, 10], "texture": "#0"},
				"down": {"uv": [10.5, 9.5, 10, 11], "texture": "#0"}
			}
		},
		{
			"from": [6.65, 0.2, 6.25],
			"to": [10.28934, 1.45, 6.75],
			"rotation": {"angle": 0, "axis": "y", "origin": [4.33934, 0.2, 1.75]},
			"faces": {
				"north": {"uv": [5.5, 8.5, 7.5, 9], "texture": "#0"},
				"east": {"uv": [2.5, 12.5, 3, 13], "texture": "#0"},
				"south": {"uv": [8.5, 5.5, 10.5, 6], "texture": "#0"},
				"west": {"uv": [3, 12.5, 3.5, 13], "texture": "#0"},
				"up": {"uv": [10, 9, 8, 8.5], "texture": "#0"},
				"down": {"uv": [11, 0, 9, 0.5], "texture": "#0"}
			}
		},
		{
			"from": [7.9, 0.2, 6.75],
			"to": [9.08934, 1.45, 7.5],
			"rotation": {"angle": 0, "axis": "y", "origin": [4.33934, 0.2, 1.75]},
			"faces": {
				"north": {"uv": [3.5, 12.5, 4, 13], "texture": "#0"},
				"east": {"uv": [4, 12.5, 4.5, 13], "texture": "#0"},
				"south": {"uv": [4.5, 12.5, 5, 13], "texture": "#0"},
				"west": {"uv": [5, 12.5, 5.5, 13], "texture": "#0"},
				"up": {"uv": [13, 5.5, 12.5, 5], "texture": "#0"},
				"down": {"uv": [6, 12.5, 5.5, 13], "texture": "#0"}
			}
		},
		{
			"from": [11.07843, 0.2, 6.59315],
			"to": [14.08363, 1.45, 9.59835],
			"rotation": {"angle": -45, "axis": "y", "origin": [9.07843, 0.2, 0.59315]},
			"faces": {
				"north": {"uv": [10, 8.5, 11.5, 9], "texture": "#0"},
				"east": {"uv": [0, 10.5, 1.5, 11], "texture": "#0"},
				"south": {"uv": [1.5, 10.5, 3, 11], "texture": "#0"},
				"west": {"uv": [3, 10.5, 4.5, 11], "texture": "#0"},
				"up": {"uv": [7, 3, 5.5, 1.5], "texture": "#0"},
				"down": {"uv": [1.5, 6, 0, 7.5], "texture": "#0"}
			}
		},
		{
			"from": [12.33198, 0.2, 1.90355],
			"to": [14.58718, 1.45, 2.60876],
			"rotation": {"angle": 45, "axis": "y", "origin": [17.33718, 0.2, 10.10876]},
			"faces": {
				"north": {"uv": [10.5, 5.5, 11.5, 6], "texture": "#0"},
				"east": {"uv": [12.5, 5.5, 13, 6], "texture": "#0"},
				"south": {"uv": [8.5, 10.5, 9.5, 11], "texture": "#0"},
				"west": {"uv": [6, 12.5, 6.5, 13], "texture": "#0"},
				"up": {"uv": [11.5, 9.5, 10.5, 9], "texture": "#0"},
				"down": {"uv": [11.5, 9.5, 10.5, 10], "texture": "#0"}
			}
		},
		{
			"from": [14.24987, 0.2, 6.81104],
			"to": [16.50508, 1.45, 7.51624],
			"rotation": {"angle": -45, "axis": "y", "origin": [11.49987, 0.2, -1.73896]},
			"faces": {
				"north": {"uv": [10.5, 10, 11.5, 10.5], "texture": "#0"},
				"east": {"uv": [12.5, 6, 13, 6.5], "texture": "#0"},
				"south": {"uv": [10.5, 10.5, 11.5, 11], "texture": "#0"},
				"west": {"uv": [6.5, 12.5, 7, 13], "texture": "#0"},
				"up": {"uv": [1, 11.5, 0, 11], "texture": "#0"},
				"down": {"uv": [12, 0, 11, 0.5], "texture": "#0"}
			}
		},
		{
			"from": [6.65, 0.2, 10],
			"to": [10.28934, 1.45, 10.5],
			"rotation": {"angle": 0, "axis": "y", "origin": [9.65, 0.2, 11]},
			"faces": {
				"north": {"uv": [9, 0.5, 11, 1], "texture": "#0"},
				"east": {"uv": [12.5, 6.5, 13, 7], "texture": "#0"},
				"south": {"uv": [9, 1, 11, 1.5], "texture": "#0"},
				"west": {"uv": [7, 12.5, 7.5, 13], "texture": "#0"},
				"up": {"uv": [3.5, 9.5, 1.5, 9], "texture": "#0"},
				"down": {"uv": [11, 1.5, 9, 2], "texture": "#0"}
			}
		},
		{
			"from": [9.96256, 0.2, 8.34835],
			"to": [10.66777, 1.45, 10.60355],
			"rotation": {"angle": 45, "axis": "y", "origin": [9.65, 0.2, 11]},
			"faces": {
				"north": {"uv": [12.5, 7, 13, 7.5], "texture": "#0"},
				"east": {"uv": [11, 0.5, 12, 1], "texture": "#0"},
				"south": {"uv": [7.5, 12.5, 8, 13], "texture": "#0"},
				"west": {"uv": [1, 11, 2, 11.5], "texture": "#0"},
				"up": {"uv": [7, 11.5, 6.5, 10.5], "texture": "#0"},
				"down": {"uv": [10, 10.5, 9.5, 11.5], "texture": "#0"}
			}
		},
		{
			"from": [8.41256, 0.2, 8.34835],
			"to": [10.66777, 1.45, 9.05355],
			"rotation": {"angle": 45, "axis": "y", "origin": [9.65, 0.2, 11]},
			"faces": {
				"north": {"uv": [11, 1, 12, 1.5], "texture": "#0"},
				"east": {"uv": [12.5, 7.5, 13, 8], "texture": "#0"},
				"south": {"uv": [11, 1.5, 12, 2], "texture": "#0"},
				"west": {"uv": [8, 12.5, 8.5, 13], "texture": "#0"},
				"up": {"uv": [3, 11.5, 2, 11], "texture": "#0"},
				"down": {"uv": [12, 2, 11, 2.5], "texture": "#0"}
			}
		},
		{
			"from": [7.9, 0.2, 9.25],
			"to": [9.08934, 1.45, 10],
			"rotation": {"angle": 0, "axis": "y", "origin": [9.65, 0.2, 11]},
			"faces": {
				"north": {"uv": [12.5, 8, 13, 8.5], "texture": "#0"},
				"east": {"uv": [8.5, 12.5, 9, 13], "texture": "#0"},
				"south": {"uv": [12.5, 8.5, 13, 9], "texture": "#0"},
				"west": {"uv": [9, 12.5, 9.5, 13], "texture": "#0"},
				"up": {"uv": [13, 9.5, 12.5, 9], "texture": "#0"},
				"down": {"uv": [10, 12.5, 9.5, 13], "texture": "#0"}
			}
		},
		{
			"from": [2.5, 0, 5.85],
			"to": [6.25, 1.6, 6.25],
			"rotation": {"angle": 0, "axis": "y", "origin": [3.5, 0.2, 6]},
			"faces": {
				"north": {"uv": [5.5, 3, 7.5, 4], "texture": "#0"},
				"east": {"uv": [11, 2.5, 11.5, 3.5], "texture": "#0"},
				"south": {"uv": [1.5, 6, 3.5, 7], "texture": "#0"},
				"west": {"uv": [3, 11, 3.5, 12], "texture": "#0"},
				"up": {"uv": [11, 2.5, 9, 2], "texture": "#0"},
				"down": {"uv": [11, 2.5, 9, 3], "texture": "#0"}
			}
		},
		{
			"from": [10.49264, 0, 5.95025],
			"to": [14.49264, 1.6, 6.35025],
			"rotation": {"angle": 0, "axis": "y", "origin": [11.49264, 0.2, 6.10025]},
			"faces": {
				"north": {"uv": [6, 4, 8, 5], "texture": "#0"},
				"east": {"uv": [3.5, 11, 4, 12], "texture": "#0"},
				"south": {"uv": [3.5, 6.5, 5.5, 7.5], "texture": "#0"},
				"west": {"uv": [4, 11, 4.5, 12], "texture": "#0"},
				"up": {"uv": [5.5, 9.5, 3.5, 9], "texture": "#0"},
				"down": {"uv": [7.5, 9, 5.5, 9.5], "texture": "#0"}
			}
		},
		{
			"from": [2.1, 0, 5.85],
			"to": [2.5, 1.6, 10.5],
			"rotation": {"angle": 0, "axis": "y", "origin": [2.25, 0.2, 8.6]},
			"faces": {
				"north": {"uv": [4.5, 11, 5, 12], "texture": "#0"},
				"east": {"uv": [0, 5, 2.5, 6], "texture": "#0"},
				"south": {"uv": [5, 11, 5.5, 12], "texture": "#0"},
				"west": {"uv": [2.5, 5, 5, 6], "texture": "#0"},
				"up": {"uv": [1.5, 10, 1, 7.5], "texture": "#0"},
				"down": {"uv": [8, 6.5, 7.5, 9], "texture": "#0"}
			}
		},
		{
			"from": [1.95, 0, 5.35],
			"to": [2.1, 1.6, 11],
			"rotation": {"angle": 0, "axis": "y", "origin": [1.85, 0.2, 8.6]},
			"faces": {
				"north": {"uv": [7.5, 11, 8, 12], "texture": "#0"},
				"east": {"uv": [0, 4, 3, 5], "texture": "#0"},
				"south": {"uv": [8, 11, 8.5, 12], "texture": "#0"},
				"west": {"uv": [3, 4, 6, 5], "texture": "#0"},
				"up": {"uv": [0.5, 10.5, 0, 7.5], "texture": "#0"},
				"down": {"uv": [1, 7.5, 0.5, 10.5], "texture": "#0"}
			}
		},
		{
			"from": [1.05, 0, 10.85],
			"to": [1.95, 1.6, 11],
			"rotation": {"angle": 0, "axis": "y", "origin": [-1.8, 0.2, 10.75]},
			"faces": {
				"north": {"uv": [8.5, 11, 9, 12], "texture": "#0"},
				"east": {"uv": [9, 11, 9.5, 12], "texture": "#0"},
				"south": {"uv": [10, 11, 10.5, 12], "texture": "#0"},
				"west": {"uv": [10.5, 11, 11, 12], "texture": "#0"},
				"up": {"uv": [13, 10, 12.5, 9.5], "texture": "#0"},
				"down": {"uv": [10.5, 12.5, 10, 13], "texture": "#0"}
			}
		},
		{
			"from": [14.49264, 0, 6.35025],
			"to": [14.89264, 1.6, 10.39975],
			"rotation": {"angle": 0, "axis": "y", "origin": [14.64264, 0.2, 9.10025]},
			"faces": {
				"north": {"uv": [11, 11, 11.5, 12], "texture": "#0"},
				"east": {"uv": [6.5, 5, 8.5, 6], "texture": "#0"},
				"south": {"uv": [0, 11.5, 0.5, 12.5], "texture": "#0"},
				"west": {"uv": [5.5, 6.5, 7.5, 7.5], "texture": "#0"},
				"up": {"uv": [8, 11, 7.5, 9], "texture": "#0"},
				"down": {"uv": [8.5, 9, 8, 11], "texture": "#0"}
			}
		},
		{
			"from": [5.78033, 0, 6.48388],
			"to": [12.28033, 1.6, 6.98388],
			"rotation": {"angle": -45, "axis": "y", "origin": [6.78033, 0.2, 6.73388]},
			"faces": {
				"north": {"uv": [2, 0, 5.5, 1], "texture": "#0"},
				"east": {"uv": [0.5, 11.5, 1, 12.5], "texture": "#0"},
				"south": {"uv": [2, 1, 5.5, 2], "texture": "#0"},
				"west": {"uv": [1, 11.5, 1.5, 12.5], "texture": "#0"},
				"up": {"uv": [10, 6.5, 6.5, 6], "texture": "#0"},
				"down": {"uv": [11, 3, 7.5, 3.5], "texture": "#0"}
			}
		},
		{
			"from": [5.70962, 0, 9.79541],
			"to": [12.20962, 1.6, 10.29541],
			"rotation": {"angle": 45, "axis": "y", "origin": [6.70962, 0.2, 9.94541]},
			"faces": {
				"north": {"uv": [2, 2, 5.5, 3], "texture": "#0"},
				"east": {"uv": [1.5, 11.5, 2, 12.5], "texture": "#0"},
				"south": {"uv": [2, 3, 5.5, 4], "texture": "#0"},
				"west": {"uv": [2, 11.5, 2.5, 12.5], "texture": "#0"},
				"up": {"uv": [7, 8, 3.5, 7.5], "texture": "#0"},
				"down": {"uv": [11, 3.5, 7.5, 4], "texture": "#0"}
			}
		},
		{
			"from": [2.5, 0, 10.5],
			"to": [6.25, 1.6, 10.9],
			"rotation": {"angle": 0, "axis": "y", "origin": [3.5, 0.2, 10.65]},
			"faces": {
				"north": {"uv": [7, 0, 9, 1], "texture": "#0"},
				"east": {"uv": [2.5, 11.5, 3, 12.5], "texture": "#0"},
				"south": {"uv": [7, 1, 9, 2], "texture": "#0"},
				"west": {"uv": [11.5, 2.5, 12, 3.5], "texture": "#0"},
				"up": {"uv": [10.5, 9.5, 8.5, 9], "texture": "#0"},
				"down": {"uv": [3.5, 9.5, 1.5, 10], "texture": "#0"}
			}
		},
		{
			"from": [10.49264, 0, 10.39975],
			"to": [14.49264, 1.6, 10.79975],
			"rotation": {"angle": 0, "axis": "y", "origin": [11.49264, 0.2, 10.54975]},
			"faces": {
				"north": {"uv": [1.5, 7, 3.5, 8], "texture": "#0"},
				"east": {"uv": [11.5, 3.5, 12, 4.5], "texture": "#0"},
				"south": {"uv": [7, 2, 9, 3], "texture": "#0"},
				"west": {"uv": [11.5, 4.5, 12, 5.5], "texture": "#0"},
				"up": {"uv": [5.5, 10, 3.5, 9.5], "texture": "#0"},
				"down": {"uv": [7.5, 9.5, 5.5, 10], "texture": "#0"}
			}
		},
		{
			"from": [1.98388, 0, 10.88033],
			"to": [2.54957, 1.6, 11.28033],
			"rotation": {"angle": -45, "axis": "y", "origin": [2.98388, 0.2, 11.03033]},
			"faces": {
				"north": {"uv": [5.5, 11.5, 6, 12.5], "texture": "#0"},
				"east": {"uv": [11.5, 5.5, 12, 6.5], "texture": "#0"},
				"south": {"uv": [6, 11.5, 6.5, 12.5], "texture": "#0"},
				"west": {"uv": [6.5, 11.5, 7, 12.5], "texture": "#0"},
				"up": {"uv": [13, 10.5, 12.5, 10], "texture": "#0"},
				"down": {"uv": [11, 12.5, 10.5, 13], "texture": "#0"}
			}
		},
		{
			"from": [14.09368, 0, 6.61343],
			"to": [14.65937, 1.6, 7.01343],
			"rotation": {"angle": -45, "axis": "y", "origin": [15.09368, 0.2, 6.76343]},
			"faces": {
				"north": {"uv": [11.5, 6.5, 12, 7.5], "texture": "#0"},
				"east": {"uv": [7, 11.5, 7.5, 12.5], "texture": "#0"},
				"south": {"uv": [11.5, 7.5, 12, 8.5], "texture": "#0"},
				"west": {"uv": [11.5, 8.5, 12, 9.5], "texture": "#0"},
				"up": {"uv": [13, 11, 12.5, 10.5], "texture": "#0"},
				"down": {"uv": [11.5, 12.5, 11, 13], "texture": "#0"}
			}
		},
		{
			"from": [13.82947, 0, 10.00079],
			"to": [14.22947, 1.6, 10.56647],
			"rotation": {"angle": -45, "axis": "y", "origin": [14.07947, 0.2, 11.00079]},
			"faces": {
				"north": {"uv": [9.5, 11.5, 10, 12.5], "texture": "#0"},
				"east": {"uv": [11.5, 9.5, 12, 10.5], "texture": "#0"},
				"south": {"uv": [11.5, 10.5, 12, 11.5], "texture": "#0"},
				"west": {"uv": [11.5, 11.5, 12, 12.5], "texture": "#0"},
				"up": {"uv": [13, 11.5, 12.5, 11], "texture": "#0"},
				"down": {"uv": [12, 12.5, 11.5, 13], "texture": "#0"}
			}
		},
		{
			"name": "hexadecagon",
			"from": [11.90082, 0.95, 7.7],
			"to": [12.19918, 1.45, 9.2],
			"rotation": {"angle": -45, "axis": "y", "origin": [12.05, 1.2, 8.45]},
			"faces": {
				"north": {"uv": [12.5, 11.5, 13, 12], "texture": "#0"},
				"east": {"uv": [12, 12.5, 12.5, 13], "texture": "#0"},
				"south": {"uv": [12.5, 12, 13, 12.5], "texture": "#0"},
				"west": {"uv": [12.5, 12.5, 13, 13], "texture": "#0"},
				"up": {"uv": [0.5, 13.5, 0, 13], "texture": "#0"},
				"down": {"uv": [13.5, 0, 13, 0.5], "texture": "#0"}
			}
		},
		{
			"name": "hexadecagon",
			"from": [11.90082, 0.95, 7.7],
			"to": [12.19918, 1.45, 9.2],
			"rotation": {"angle": -22.5, "axis": "y", "origin": [12.05, 1.2, 8.45]},
			"faces": {
				"north": {"uv": [0.5, 13, 1, 13.5], "texture": "#0"},
				"east": {"uv": [13, 0.5, 13.5, 1], "texture": "#0"},
				"south": {"uv": [1, 13, 1.5, 13.5], "texture": "#0"},
				"west": {"uv": [13, 1, 13.5, 1.5], "texture": "#0"},
				"up": {"uv": [2, 13.5, 1.5, 13], "texture": "#0"},
				"down": {"uv": [13.5, 1.5, 13, 2], "texture": "#0"}
			}
		},
		{
			"name": "hexadecagon",
			"from": [11.90082, 0.95, 7.7],
			"to": [12.19918, 1.45, 9.2],
			"rotation": {"angle": 0, "axis": "y", "origin": [12.05, 1.2, 8.45]},
			"faces": {
				"north": {"uv": [2, 13, 2.5, 13.5], "texture": "#0"},
				"east": {"uv": [13, 2, 13.5, 2.5], "texture": "#0"},
				"south": {"uv": [2.5, 13, 3, 13.5], "texture": "#0"},
				"west": {"uv": [13, 2.5, 13.5, 3], "texture": "#0"},
				"up": {"uv": [3.5, 13.5, 3, 13], "texture": "#0"},
				"down": {"uv": [13.5, 3, 13, 3.5], "texture": "#0"}
			}
		},
		{
			"name": "hexadecagon",
			"from": [11.90082, 0.95, 7.7],
			"to": [12.19918, 1.45, 9.2],
			"rotation": {"angle": 22.5, "axis": "y", "origin": [12.05, 1.2, 8.45]},
			"faces": {
				"north": {"uv": [3.5, 13, 4, 13.5], "texture": "#0"},
				"east": {"uv": [13, 3.5, 13.5, 4], "texture": "#0"},
				"south": {"uv": [4, 13, 4.5, 13.5], "texture": "#0"},
				"west": {"uv": [13, 4, 13.5, 4.5], "texture": "#0"},
				"up": {"uv": [5, 13.5, 4.5, 13], "texture": "#0"},
				"down": {"uv": [13.5, 4.5, 13, 5], "texture": "#0"}
			}
		},
		{
			"name": "hexadecagon",
			"from": [11.90082, 0.95, 7.7],
			"to": [12.19918, 1.45, 9.2],
			"rotation": {"angle": 45, "axis": "y", "origin": [12.05, 1.2, 8.45]},
			"faces": {
				"north": {"uv": [5, 13, 5.5, 13.5], "texture": "#0"},
				"east": {"uv": [13, 5, 13.5, 5.5], "texture": "#0"},
				"south": {"uv": [5.5, 13, 6, 13.5], "texture": "#0"},
				"west": {"uv": [13, 5.5, 13.5, 6], "texture": "#0"},
				"up": {"uv": [6.5, 13.5, 6, 13], "texture": "#0"},
				"down": {"uv": [13.5, 6, 13, 6.5], "texture": "#0"}
			}
		},
		{
			"name": "hexadecagon",
			"from": [11.3, 0.95, 8.30082],
			"to": [12.8, 1.45, 8.59918],
			"rotation": {"angle": -22.5, "axis": "y", "origin": [12.05, 1.2, 8.45]},
			"faces": {
				"north": {"uv": [12, 0, 13, 0.5], "texture": "#0"},
				"east": {"uv": [6.5, 13, 7, 13.5], "texture": "#0"},
				"south": {"uv": [12, 0.5, 13, 1], "texture": "#0"},
				"west": {"uv": [13, 6.5, 13.5, 7], "texture": "#0"},
				"up": {"uv": [13, 1.5, 12, 1], "texture": "#0"},
				"down": {"uv": [13, 1.5, 12, 2], "texture": "#0"}
			}
		},
		{
			"name": "hexadecagon",
			"from": [11.3, 0.95, 8.30082],
			"to": [12.8, 1.45, 8.59918],
			"rotation": {"angle": 0, "axis": "y", "origin": [12.05, 1.2, 8.45]},
			"faces": {
				"north": {"uv": [12, 2, 13, 2.5], "texture": "#0"},
				"east": {"uv": [7, 13, 7.5, 13.5], "texture": "#0"},
				"south": {"uv": [12, 2.5, 13, 3], "texture": "#0"},
				"west": {"uv": [13, 7, 13.5, 7.5], "texture": "#0"},
				"up": {"uv": [4, 12.5, 3, 12], "texture": "#0"},
				"down": {"uv": [13, 3, 12, 3.5], "texture": "#0"}
			}
		},
		{
			"name": "hexadecagon",
			"from": [11.3, 0.95, 8.30082],
			"to": [12.8, 1.45, 8.59918],
			"rotation": {"angle": 22.5, "axis": "y", "origin": [12.05, 1.2, 8.45]},
			"faces": {
				"north": {"uv": [12, 3.5, 13, 4], "texture": "#0"},
				"east": {"uv": [7.5, 13, 8, 13.5], "texture": "#0"},
				"south": {"uv": [4, 12, 5, 12.5], "texture": "#0"},
				"west": {"uv": [13, 7.5, 13.5, 8], "texture": "#0"},
				"up": {"uv": [13, 4.5, 12, 4], "texture": "#0"},
				"down": {"uv": [13, 4.5, 12, 5], "texture": "#0"}
			}
		},
		{
			"from": [2.75, 0.1, 5.55],
			"to": [5.75, 0.2, 5.9],
			"rotation": {"angle": 0, "axis": "y", "origin": [0.25, 0.1, -4.8]},
			"faces": {
				"north": {"uv": [0, 0, 1.5, 0.5], "texture": "#1"},
				"east": {"uv": [1.5, 0, 2, 0.5], "texture": "#1"},
				"south": {"uv": [0, 0.5, 1.5, 1], "texture": "#1"},
				"west": {"uv": [1.5, 0.5, 2, 1], "texture": "#1"},
				"up": {"uv": [1.5, 1.5, 0, 1], "texture": "#1"},
				"down": {"uv": [1.5, 1.5, 0, 2], "texture": "#1"}
			}
		}
	],
	"display": {
		"thirdperson_righthand": {
			"rotation": [0, 0, 90],
			"translation": [-5.5, 3, 0],
			"scale": [0.75, 0.75, 0.75]
		},
		"thirdperson_lefthand": {
			"rotation": [0, 0, 90],
			"translation": [-5.75, 3, 0],
			"scale": [0.75, 0.75, 0.75]
		},
		"firstperson_righthand": {
			"rotation": [-15, 0, 90],
			"translation": [-7, 3, 0]
		},
		"firstperson_lefthand": {
			"rotation": [-15, 0, 90],
			"translation": [-7, 3, 0]
		},
		"ground": {
			"translation": [0, 3, 0],
			"scale": [0.5, 0.5, 0.5]
		},
		"gui": {
			"rotation": [80, 5, -30],
			"translation": [3.75, 1.25, 0]
		},
		"fixed": {
			"rotation": [-90, -180, 0],
			"translation": [0, 0, -7.75]
		}
	},
	"groups": [
		{
			"name": "group",
			"origin": [0, 0, 0],
			"color": 0,
			"nbt": "{}",
			"armAnimationEnabled": false,
			"children": [
				0,
				1,
				2,
				3,
				4,
				5,
				6,
				7,
				8,
				9,
				10,
				11,
				12,
				13,
				14,
				15,
				16,
				17,
				18,
				19,
				20,
				21,
				22,
				23,
				24,
				25,
				26,
				27,
				28,
				29,
				30,
				31,
				32,
				{
					"name": "hexadecagon",
					"origin": [8, 8, 8],
					"color": 0,
					"nbt": "{}",
					"armAnimationEnabled": false,
					"children": [33, 34, 35, 36, 37, 38, 39, 40]
				}
			]
		},
		41
	]
}