{
	"credit": "Made with Blockbench",
	"parent": "item/handheld",
	"textures": {
		"layer0": "ld:item/splitleaf"
	},
	"display": {
		"thirdperson_righthand": {
			"rotation": [0, -90, 10],
			"scale": [4, 4, 1]
		},
		"thirdperson_lefthand": {
			"rotation": [0, 90, -10],
			"scale": [4, 4, 1]
		},
		"firstperson_righthand": {
			"rotation": [22, -64, 49],
			"translation": [2, 0.25, 0],
			"scale": [2, 2, 0.5]
		},
		"firstperson_lefthand": {
			"rotation": [0, 115, -29],
			"translation": [2.25, 0.5, 0],
			"scale": [2, 2, 0.5]
		},
		"ground": {
			"translation": [0, 8.5, 0],
			"scale": [1.5, 1.5, 0.5]
		},
		"gui": {
			"rotation": [0, 0, -22.5],
			"scale": [1.2, 1.2, 0.5]
		},
		"head": {
			"rotation": [90, 0, 90],
			"translation": [0, 13, -3.25],
			"scale": [4, 4, 1.5]
		},
		"fixed": {
			"rotation": [0, 180, -22.5],
			"scale": [1.2, 1.2, 0.5]
		}
	}
}