{
	"credit": "Made with Blockbench",
	"texture_size": [32, 32],
	"textures": {
		"0": "ld:item/feces",
		"particle": "ld:item/feces"
	},
	"elements": [
		{
			"from": [8, 2, 6],
			"to": [11, 5, 9],
			"faces": {
				"north": {"uv": [4, 3, 5.5, 4.5], "texture": "#0"},
				"east": {"uv": [0, 4.5, 1.5, 6], "texture": "#0"},
				"south": {"uv": [1.5, 4.5, 3, 6], "texture": "#0"},
				"west": {"uv": [3, 4.5, 4.5, 6], "texture": "#0"},
				"up": {"uv": [6, 6, 4.5, 4.5], "texture": "#0"},
				"down": {"uv": [7, 3, 5.5, 4.5], "texture": "#0"}
			}
		},
		{
			"from": [6, 1, 9],
			"to": [9, 4, 12],
			"faces": {
				"north": {"uv": [7.5, 0, 9, 1.5], "texture": "#0"},
				"east": {"uv": [1.5, 7.5, 3, 9], "texture": "#0"},
				"south": {"uv": [7.5, 1.5, 9, 3], "texture": "#0"},
				"west": {"uv": [3, 7.5, 4.5, 9], "texture": "#0"},
				"up": {"uv": [6, 9, 4.5, 7.5], "texture": "#0"},
				"down": {"uv": [9, 4.5, 7.5, 6], "texture": "#0"}
			}
		},
		{
			"from": [5, 0, 7],
			"to": [10, 4, 10],
			"faces": {
				"north": {"uv": [3, 6, 4.5, 7.5], "texture": "#0"},
				"east": {"uv": [4.5, 6, 6, 7.5], "texture": "#0"},
				"south": {"uv": [6, 4.5, 7.5, 6], "texture": "#0"},
				"west": {"uv": [6, 6, 7.5, 7.5], "texture": "#0"},
				"up": {"uv": [8.5, 4.5, 7, 3], "texture": "#0"},
				"down": {"uv": [1.5, 7.5, 0, 9], "texture": "#0"}
			}
		},
		{
			"from": [4, 3, 5],
			"to": [8, 6, 9],
			"faces": {
				"north": {"uv": [0, 3, 2, 4.5], "texture": "#0"},
				"east": {"uv": [1.5, 6, 3, 7.5], "texture": "#0"},
				"south": {"uv": [2, 3, 4, 4.5], "texture": "#0"},
				"west": {"uv": [6, 1.5, 7.5, 3], "texture": "#0"},
				"up": {"uv": [6, 1.5, 4, 0], "texture": "#0"},
				"down": {"uv": [6, 1.5, 4, 3], "texture": "#0"}
			}
		},
		{
			"from": [6, 4, 8],
			"to": [10, 7, 11],
			"faces": {
				"north": {"uv": [0, 0, 2, 1.5], "texture": "#0"},
				"east": {"uv": [0, 6, 1.5, 7.5], "texture": "#0"},
				"south": {"uv": [0, 1.5, 2, 3], "texture": "#0"},
				"west": {"uv": [6, 0, 7.5, 1.5], "texture": "#0"},
				"up": {"uv": [4, 1.5, 2, 0], "texture": "#0"},
				"down": {"uv": [4, 1.5, 2, 3], "texture": "#0"}
			}
		},
		{
			"from": [7, 9, 8],
			"to": [8, 10, 12],
			"faces": {
				"north": {"uv": [8.5, 3, 9, 3.5], "texture": "#0"},
				"east": {"uv": [6, 7.5, 8, 8], "texture": "#0"},
				"south": {"uv": [8.5, 3.5, 9, 4], "texture": "#0"},
				"west": {"uv": [7.5, 6, 9.5, 6.5], "texture": "#0"},
				"up": {"uv": [6.5, 10, 6, 8], "texture": "#0"},
				"down": {"uv": [7, 8, 6.5, 10], "texture": "#0"}
			}
		},
		{
			"from": [7, 7, 9],
			"to": [8, 9, 10],
			"faces": {
				"north": {"uv": [7.5, 6.5, 8, 7.5], "texture": "#0"},
				"east": {"uv": [8, 6.5, 8.5, 7.5], "texture": "#0"},
				"south": {"uv": [7, 8, 7.5, 9], "texture": "#0"},
				"west": {"uv": [7.5, 8, 8, 9], "texture": "#0"},
				"up": {"uv": [8.5, 8, 8, 7.5], "texture": "#0"},
				"down": {"uv": [8.5, 8, 8, 8.5], "texture": "#0"}
			}
		},
		{
			"from": [6, 1, 5],
			"to": [10, 3, 7],
			"faces": {
				"north": {"uv": [0.5, 4.5, 2.5, 5.5], "texture": "#0"},
				"east": {"uv": [4, 3.5, 5, 4.5], "texture": "#0"},
				"south": {"uv": [6.5, 6.5, 8.5, 7.5], "texture": "#0"},
				"west": {"uv": [3.5, 0.5, 4.5, 1.5], "texture": "#0"},
				"up": {"uv": [2.5, 5, 4.5, 6], "texture": "#0"},
				"down": {"uv": [1.5, 1.5, 3.5, 2.5], "texture": "#0"}
			}
		}
	],
	"display": {
		"thirdperson_righthand": {
			"translation": [0, 2.5, 1.25]
		},
		"thirdperson_lefthand": {
			"translation": [0, 2.5, 1.25]
		},
		"firstperson_righthand": {
			"translation": [0, 6.5, 0]
		},
		"firstperson_lefthand": {
			"translation": [0, 6.5, 0]
		},
		"ground": {
			"translation": [0, 5.75, 0]
		},
		"gui": {
			"rotation": [26, 43, 0],
			"translation": [0.25, 4.25, 0]
		},
		"fixed": {
			"rotation": [0, 144, 0],
			"translation": [0, 4, 0]
		}
	}
}