{
	"credit": "Made with Blockbench",
	"parent": "minecraft:item/generated",
	"textures": {
		"layer0": "ld:item/zweihandler"
	},
	"display": {
		"thirdperson_righthand": {
			"rotation": [0, 65, 0],
			"translation": [2.5, 8.75, -6],
			"scale": [2, 2, 1]
		},
		"thirdperson_lefthand": {
			"rotation": [-84, 100, 0],
			"translation": [1, 11.75, -6],
			"scale": [2, 2, 1]
		},
		"firstperson_righthand": {
			"rotation": [0, 80, 25],
			"translation": [1.5, 9, 0.25],
			"scale": [1, 1, 0.5]
		},
		"firstperson_lefthand": {
			"rotation": [0, 80, -65],
			"translation": [1.5, 9, 0.25],
			"scale": [1, 1, 0.5]
		}
	}
}