{
	"credit": "Made with Blockbench",
	"parent": "block/block",
	"textures": {
		"2": "ld:block/crying_waystone_activated_side_4",
		"3": "ld:block/crying_waystone_activated_side_3",
		"4": "ld:block/crying_waystone_bottom",
		"5": "ld:block/crying_waystone_activated_side_2",
		"6": "ld:block/crying_waystone_side_top_activated",
		"7": "ld:block/crying_waystone_activated_side_1",
		"particle": "ld:block/crying_waystone_activated_side_4"
	},
	"elements": [
		{
			"from": [-0.001, -0.001, -0.001],
			"to": [16.001, 16.001, 16.001],
			"faces": {
				"north": {"uv": [0, 0, 16, 16], "texture": "#2"},
				"east": {"uv": [0, 0, 16, 16], "texture": "#3"},
				"south": {"uv": [0, 0, 16, 16], "texture": "#5"},
				"west": {"uv": [0, 0, 16, 16], "texture": "#7"},
				"up": {"uv": [0, 0, 16, 16], "texture": "#6"},
				"down": {"uv": [0, 0, 16, 16], "texture": "#4"}
			}
		}
	]
}