{
	"credit": "Made with Blockbench",
	"parent": "block/block",
	"textures": {
		"2": "ld:block/crying_waystone_side",
		"4": "ld:block/crying_waystone_bottom",
		"7": "ld:block/crying_waystone_side_top",
		"particle": "ld:block/crying_waystone_side"
	},
	"elements": [
		{
			"from": [-0.001, -0.001, -0.001],
			"to": [16.001, 16.001, 16.001],
			"faces": {
				"north": {"uv": [0, 0, 16, 16], "texture": "#2"},
				"east": {"uv": [0, 0, 16, 16], "texture": "#2"},
				"south": {"uv": [0, 0, 16, 16], "texture": "#2"},
				"west": {"uv": [0, 0, 16, 16], "texture": "#2"},
				"up": {"uv": [0, 0, 16, 16], "texture": "#7"},
				"down": {"uv": [0, 0, 16, 16], "texture": "#4"}
			}
		}
	]
}