{
	"credit": "Made with Blockbench",
	"texture_size": [64, 64],
	"textures": {
		"1": "ld:block/drink2",
		"particle": "ld:block/drink2"
	},
	"elements": [
		{
			"from": [7, 0, 9],
			"to": [9, 1, 10],
			"rotation": {"angle": 0, "axis": "y", "origin": [6, 0, 4]},
			"faces": {
				"north": {"uv": [5.5, 8.25, 6, 8.5], "texture": "#1"},
				"east": {"uv": [3.75, 1.5, 4, 1.75], "texture": "#1"},
				"south": {"uv": [0.25, 9, 0.75, 9.25], "texture": "#1"},
				"west": {"uv": [3, 4.75, 3.25, 5], "texture": "#1"},
				"up": {"uv": [9.5, 1.5, 9, 1.25], "texture": "#1"},
				"down": {"uv": [3, 9, 2.5, 9.25], "texture": "#1"}
			}
		},
		{
			"from": [7, 0, 6],
			"to": [9, 1, 7],
			"rotation": {"angle": 0, "axis": "y", "origin": [6, 0, 4]},
			"faces": {
				"north": {"uv": [9, 2.5, 9.5, 2.75], "texture": "#1"},
				"east": {"uv": [4.5, 5, 4.75, 5.25], "texture": "#1"},
				"south": {"uv": [9, 2.75, 9.5, 3], "texture": "#1"},
				"west": {"uv": [2, 6.5, 2.25, 6.75], "texture": "#1"},
				"up": {"uv": [3.5, 9.25, 3, 9], "texture": "#1"},
				"down": {"uv": [9.5, 3, 9, 3.25], "texture": "#1"}
			}
		},
		{
			"from": [6, 0, 7],
			"to": [10, 1, 9],
			"rotation": {"angle": 0, "axis": "y", "origin": [6, 0, 4]},
			"faces": {
				"north": {"uv": [7.75, 1.5, 8.75, 1.75], "texture": "#1"},
				"east": {"uv": [3.5, 9, 4, 9.25], "texture": "#1"},
				"south": {"uv": [7.75, 1.75, 8.75, 2], "texture": "#1"},
				"west": {"uv": [9, 3.5, 9.5, 3.75], "texture": "#1"},
				"up": {"uv": [5.5, 5.75, 4.5, 5.25], "texture": "#1"},
				"down": {"uv": [6.5, 1.5, 5.5, 2], "texture": "#1"}
			}
		},
		{
			"from": [6.085, 0, 6.45],
			"to": [7.5, 1, 7.45],
			"rotation": {"angle": 45, "axis": "y", "origin": [6.70711, 0.5, 6.82843]},
			"faces": {
				"north": {"uv": [6.25, 7, 6.5, 7.25], "texture": "#1"},
				"east": {"uv": [3, 7.25, 3.25, 7.5], "texture": "#1"},
				"south": {"uv": [1.75, 9.25, 2, 9.5], "texture": "#1"},
				"west": {"uv": [3.75, 9.25, 4, 9.5], "texture": "#1"},
				"up": {"uv": [7.5, 9.75, 7.25, 9.5], "texture": "#1"},
				"down": {"uv": [7.75, 9.5, 7.5, 9.75], "texture": "#1"}
			}
		},
		{
			"from": [6.085, 0, 9.695],
			"to": [7.5, 1, 10.695],
			"rotation": {"angle": 45, "axis": "y", "origin": [6.70711, 0.5, 6.82843]},
			"faces": {
				"north": {"uv": [9.5, 7.5, 9.75, 7.75], "texture": "#1"},
				"east": {"uv": [7.75, 9.5, 8, 9.75], "texture": "#1"},
				"south": {"uv": [9.5, 7.75, 9.75, 8], "texture": "#1"},
				"west": {"uv": [8, 9.5, 8.25, 9.75], "texture": "#1"},
				"up": {"uv": [8.5, 9.75, 8.25, 9.5], "texture": "#1"},
				"down": {"uv": [8.75, 9.5, 8.5, 9.75], "texture": "#1"}
			}
		},
		{
			"from": [5.933, 0, 12.39],
			"to": [7.348, 1, 13.39],
			"rotation": {"angle": -45, "axis": "y", "origin": [11.26934, 0.5, 11.26989]},
			"faces": {
				"north": {"uv": [9.5, 8.5, 9.75, 8.75], "texture": "#1"},
				"east": {"uv": [8.75, 9.5, 9, 9.75], "texture": "#1"},
				"south": {"uv": [9.5, 8.75, 9.75, 9], "texture": "#1"},
				"west": {"uv": [9, 9.5, 9.25, 9.75], "texture": "#1"},
				"up": {"uv": [9.75, 9.25, 9.5, 9], "texture": "#1"},
				"down": {"uv": [9.5, 9.5, 9.25, 9.75], "texture": "#1"}
			}
		},
		{
			"from": [5.935, 0, 9.15],
			"to": [7.35, 1, 10.15],
			"rotation": {"angle": -45, "axis": "y", "origin": [11.26934, 0.5, 11.26989]},
			"faces": {
				"north": {"uv": [9.5, 9.25, 9.75, 9.5], "texture": "#1"},
				"east": {"uv": [9.5, 9.5, 9.75, 9.75], "texture": "#1"},
				"south": {"uv": [0, 9.75, 0.25, 10], "texture": "#1"},
				"west": {"uv": [9.75, 0, 10, 0.25], "texture": "#1"},
				"up": {"uv": [0.5, 10, 0.25, 9.75], "texture": "#1"},
				"down": {"uv": [10, 0.25, 9.75, 0.5], "texture": "#1"}
			}
		},
		{
			"from": [6.915, 1, 8.806],
			"to": [9.09, 2.2, 10.206],
			"rotation": {"angle": 0, "axis": "y", "origin": [6, 0, 4]},
			"faces": {
				"north": {"uv": [9, 3.75, 9.5, 4], "texture": "#1"},
				"east": {"uv": [0.5, 9.75, 0.75, 10], "texture": "#1"},
				"south": {"uv": [9, 4, 9.5, 4.25], "texture": "#1"},
				"west": {"uv": [9.75, 0.5, 10, 0.75], "texture": "#1"},
				"up": {"uv": [4.75, 9.25, 4.25, 9], "texture": "#1"},
				"down": {"uv": [5.25, 9, 4.75, 9.25], "texture": "#1"}
			}
		},
		{
			"from": [6.925, 1, 5.79],
			"to": [9.065, 2.2, 7.19],
			"rotation": {"angle": 0, "axis": "y", "origin": [6, 0, 4]},
			"faces": {
				"north": {"uv": [5.25, 9, 5.75, 9.25], "texture": "#1"},
				"east": {"uv": [0.75, 9.75, 1, 10], "texture": "#1"},
				"south": {"uv": [5.75, 9, 6.25, 9.25], "texture": "#1"},
				"west": {"uv": [9.75, 0.75, 10, 1], "texture": "#1"},
				"up": {"uv": [9.5, 6.25, 9, 6], "texture": "#1"},
				"down": {"uv": [9.5, 6.25, 9, 6.5], "texture": "#1"}
			}
		},
		{
			"from": [5.79, 1, 6.932],
			"to": [10.21, 2.2, 9.082],
			"rotation": {"angle": 0, "axis": "y", "origin": [8.0155, 1.5, 8.007]},
			"faces": {
				"north": {"uv": [7.75, 2, 8.75, 2.25], "texture": "#1"},
				"east": {"uv": [9, 6.5, 9.5, 6.75], "texture": "#1"},
				"south": {"uv": [7.75, 2.25, 8.75, 2.5], "texture": "#1"},
				"west": {"uv": [7.5, 9, 8, 9.25], "texture": "#1"},
				"up": {"uv": [6.5, 2.5, 5.5, 2], "texture": "#1"},
				"down": {"uv": [6.5, 2.5, 5.5, 3], "texture": "#1"}
			}
		},
		{
			"from": [5.98, 1, 6.25],
			"to": [7.595, 2.2, 7.65],
			"rotation": {"angle": 45, "axis": "y", "origin": [6.70711, 0.5, 6.82843]},
			"faces": {
				"north": {"uv": [9, 7.5, 9.5, 7.75], "texture": "#1"},
				"east": {"uv": [1, 9.75, 1.25, 10], "texture": "#1"},
				"south": {"uv": [9, 7.75, 9.5, 8], "texture": "#1"},
				"west": {"uv": [9.75, 1, 10, 1.25], "texture": "#1"},
				"up": {"uv": [8.5, 9.25, 8, 9], "texture": "#1"},
				"down": {"uv": [9, 9, 8.5, 9.25], "texture": "#1"}
			}
		},
		{
			"from": [5.987, 1, 9.495],
			"to": [7.602, 2.2, 10.895],
			"rotation": {"angle": 45, "axis": "y", "origin": [6.70711, 0.5, 6.82843]},
			"faces": {
				"north": {"uv": [9, 8.75, 9.5, 9], "texture": "#1"},
				"east": {"uv": [1.25, 9.75, 1.5, 10], "texture": "#1"},
				"south": {"uv": [9, 9, 9.5, 9.25], "texture": "#1"},
				"west": {"uv": [1.5, 9.75, 1.75, 10], "texture": "#1"},
				"up": {"uv": [9.75, 0.25, 9.25, 0], "texture": "#1"},
				"down": {"uv": [0.75, 9.25, 0.25, 9.5], "texture": "#1"}
			}
		},
		{
			"from": [5.833, 1, 12.19],
			"to": [7.448, 2.2, 13.59],
			"rotation": {"angle": -45, "axis": "y", "origin": [11.26934, 0.5, 11.26989]},
			"faces": {
				"north": {"uv": [9.25, 0.25, 9.75, 0.5], "texture": "#1"},
				"east": {"uv": [1.75, 9.75, 2, 10], "texture": "#1"},
				"south": {"uv": [9.25, 0.5, 9.75, 0.75], "texture": "#1"},
				"west": {"uv": [2, 9.75, 2.25, 10], "texture": "#1"},
				"up": {"uv": [1.75, 9.5, 1.25, 9.25], "texture": "#1"},
				"down": {"uv": [2.75, 9.25, 2.25, 9.5], "texture": "#1"}
			}
		},
		{
			"from": [5.835, 1, 8.95],
			"to": [7.45, 2.2, 10.35],
			"rotation": {"angle": -45, "axis": "y", "origin": [11.26934, 0.5, 11.26989]},
			"faces": {
				"north": {"uv": [2.75, 9.25, 3.25, 9.5], "texture": "#1"},
				"east": {"uv": [2.25, 9.75, 2.5, 10], "texture": "#1"},
				"south": {"uv": [3.25, 9.25, 3.75, 9.5], "texture": "#1"},
				"west": {"uv": [2.5, 9.75, 2.75, 10], "texture": "#1"},
				"up": {"uv": [4.75, 9.5, 4.25, 9.25], "texture": "#1"},
				"down": {"uv": [9.75, 4.5, 9.25, 4.75], "texture": "#1"}
			}
		},
		{
			"from": [6.73, 2.2, 8.556],
			"to": [9.23, 4, 10.401],
			"rotation": {"angle": 0, "axis": "y", "origin": [6, 0, 4]},
			"faces": {
				"north": {"uv": [2.25, 5.5, 3, 6], "texture": "#1"},
				"east": {"uv": [2.5, 7.75, 3, 8.25], "texture": "#1"},
				"south": {"uv": [5.75, 0, 6.5, 0.5], "texture": "#1"},
				"west": {"uv": [7.75, 2.5, 8.25, 3], "texture": "#1"},
				"up": {"uv": [6.5, 1, 5.75, 0.5], "texture": "#1"},
				"down": {"uv": [6.5, 1, 5.75, 1.5], "texture": "#1"}
			}
		},
		{
			"from": [6.875, 2.2, 5.51],
			"to": [9.155, 4, 7.41],
			"rotation": {"angle": 0, "axis": "y", "origin": [6, 0, 4]},
			"faces": {
				"north": {"uv": [3, 7.75, 3.5, 8.25], "texture": "#1"},
				"east": {"uv": [7.75, 3, 8.25, 3.5], "texture": "#1"},
				"south": {"uv": [3.5, 7.75, 4, 8.25], "texture": "#1"},
				"west": {"uv": [7.75, 3.5, 8.25, 4], "texture": "#1"},
				"up": {"uv": [4.5, 8.25, 4, 7.75], "texture": "#1"},
				"down": {"uv": [8.25, 4, 7.75, 4.5], "texture": "#1"}
			}
		},
		{
			"from": [5.46, 2.2, 6.882],
			"to": [10.51, 4, 9.132],
			"rotation": {"angle": 0, "axis": "y", "origin": [8.0155, 1.5, 8.007]},
			"faces": {
				"north": {"uv": [3.75, 0, 5, 0.5], "texture": "#1"},
				"east": {"uv": [4.5, 7.75, 5, 8.25], "texture": "#1"},
				"south": {"uv": [3.75, 0.5, 5, 1], "texture": "#1"},
				"west": {"uv": [5, 7.75, 5.5, 8.25], "texture": "#1"},
				"up": {"uv": [5, 1.5, 3.75, 1], "texture": "#1"},
				"down": {"uv": [4.5, 3.75, 3.25, 4.25], "texture": "#1"}
			}
		},
		{
			"from": [5.78, 2.2, 6],
			"to": [7.75, 4, 7.9],
			"rotation": {"angle": 45, "axis": "y", "origin": [6.70711, 0.5, 6.82843]},
			"faces": {
				"north": {"uv": [5.5, 7.75, 6, 8.25], "texture": "#1"},
				"east": {"uv": [0, 8, 0.5, 8.5], "texture": "#1"},
				"south": {"uv": [0.5, 8, 1, 8.5], "texture": "#1"},
				"west": {"uv": [1, 8, 1.5, 8.5], "texture": "#1"},
				"up": {"uv": [2, 8.5, 1.5, 8], "texture": "#1"},
				"down": {"uv": [2.5, 8, 2, 8.5], "texture": "#1"}
			}
		},
		{
			"from": [5.96, 2.2, 9.245],
			"to": [7.775, 4, 11.145],
			"rotation": {"angle": 45, "axis": "y", "origin": [6.70711, 0.5, 6.82843]},
			"faces": {
				"north": {"uv": [8, 4.5, 8.5, 5], "texture": "#1"},
				"east": {"uv": [8, 5.5, 8.5, 6], "texture": "#1"},
				"south": {"uv": [6, 8, 6.5, 8.5], "texture": "#1"},
				"west": {"uv": [6.5, 8, 7, 8.5], "texture": "#1"},
				"up": {"uv": [7.5, 8.5, 7, 8], "texture": "#1"},
				"down": {"uv": [8, 8, 7.5, 8.5], "texture": "#1"}
			}
		},
		{
			"from": [5.64, 2.2, 11.93],
			"to": [7.45, 4, 13.86],
			"rotation": {"angle": -45, "axis": "y", "origin": [11.26934, 0.5, 11.26989]},
			"faces": {
				"north": {"uv": [8, 8, 8.5, 8.5], "texture": "#1"},
				"east": {"uv": [2.5, 8.25, 3, 8.75], "texture": "#1"},
				"south": {"uv": [8.25, 2.5, 8.75, 3], "texture": "#1"},
				"west": {"uv": [3, 8.25, 3.5, 8.75], "texture": "#1"},
				"up": {"uv": [8.75, 3.5, 8.25, 3], "texture": "#1"},
				"down": {"uv": [4, 8.25, 3.5, 8.75], "texture": "#1"}
			}
		},
		{
			"from": [5.7, 2.2, 8.7],
			"to": [7.63, 4, 10.6],
			"rotation": {"angle": -45, "axis": "y", "origin": [11.26934, 0.5, 11.26989]},
			"faces": {
				"north": {"uv": [8.25, 3.5, 8.75, 4], "texture": "#1"},
				"east": {"uv": [4, 8.25, 4.5, 8.75], "texture": "#1"},
				"south": {"uv": [8.25, 4, 8.75, 4.5], "texture": "#1"},
				"west": {"uv": [4.5, 8.25, 5, 8.75], "texture": "#1"},
				"up": {"uv": [5.5, 8.75, 5, 8.25], "texture": "#1"},
				"down": {"uv": [8.75, 5, 8.25, 5.5], "texture": "#1"}
			}
		},
		{
			"from": [6.48, 4, 8.306],
			"to": [9.48, 7, 10.686],
			"rotation": {"angle": 0, "axis": "y", "origin": [6, 0, 4]},
			"faces": {
				"north": {"uv": [4, 1.5, 4.75, 2.25], "texture": "#1"},
				"east": {"uv": [1.75, 5.75, 2.25, 6.5], "texture": "#1"},
				"south": {"uv": [4, 2.25, 4.75, 3], "texture": "#1"},
				"west": {"uv": [3, 5.75, 3.5, 6.5], "texture": "#1"},
				"up": {"uv": [4.25, 6.25, 3.5, 5.75], "texture": "#1"},
				"down": {"uv": [5, 5.75, 4.25, 6.25], "texture": "#1"}
			}
		},
		{
			"from": [6.625, 4, 5.26],
			"to": [9.405, 7, 7.66],
			"rotation": {"angle": 0, "axis": "y", "origin": [6, 0, 4]},
			"faces": {
				"north": {"uv": [2.5, 4, 3.25, 4.75], "texture": "#1"},
				"east": {"uv": [5, 5.75, 5.5, 6.5], "texture": "#1"},
				"south": {"uv": [4, 3, 4.75, 3.75], "texture": "#1"},
				"west": {"uv": [5.5, 5.75, 6, 6.5], "texture": "#1"},
				"up": {"uv": [0.75, 6.5, 0, 6], "texture": "#1"},
				"down": {"uv": [1.5, 6, 0.75, 6.5], "texture": "#1"}
			}
		},
		{
			"from": [5.21, 4, 6.632],
			"to": [10.76, 7, 9.382],
			"rotation": {"angle": 0, "axis": "y", "origin": [8.0155, 1.5, 8.007]},
			"faces": {
				"north": {"uv": [0, 1.5, 1.5, 2.25], "texture": "#1"},
				"east": {"uv": [0, 4.25, 0.75, 5], "texture": "#1"},
				"south": {"uv": [1.5, 1.5, 3, 2.25], "texture": "#1"},
				"west": {"uv": [0.75, 4.25, 1.5, 5], "texture": "#1"},
				"up": {"uv": [3.25, 0.75, 1.75, 0], "texture": "#1"},
				"down": {"uv": [3.25, 0.75, 1.75, 1.5], "texture": "#1"}
			}
		},
		{
			"from": [5.78, 4, 5.65],
			"to": [7.75, 7, 8.15],
			"rotation": {"angle": 45, "axis": "y", "origin": [6.70711, 0.5, 6.82843]},
			"faces": {
				"north": {"uv": [2.25, 6, 2.75, 6.75], "texture": "#1"},
				"east": {"uv": [1.5, 4.25, 2.25, 5], "texture": "#1"},
				"south": {"uv": [6, 5.75, 6.5, 6.5], "texture": "#1"},
				"west": {"uv": [3.25, 4.25, 4, 5], "texture": "#1"},
				"up": {"uv": [4, 7, 3.5, 6.25], "texture": "#1"},
				"down": {"uv": [4.5, 6.25, 4, 7], "texture": "#1"}
			}
		},
		{
			"from": [5.95, 4, 8.995],
			"to": [7.765, 7, 11.505],
			"rotation": {"angle": 45, "axis": "y", "origin": [6.70711, 0.5, 6.82843]},
			"faces": {
				"north": {"uv": [4.5, 6.25, 5, 7], "texture": "#1"},
				"east": {"uv": [4, 4.25, 4.75, 5], "texture": "#1"},
				"south": {"uv": [0, 6.5, 0.5, 7.25], "texture": "#1"},
				"west": {"uv": [4.75, 1.5, 5.5, 2.25], "texture": "#1"},
				"up": {"uv": [7, 0.75, 6.5, 0], "texture": "#1"},
				"down": {"uv": [1, 6.5, 0.5, 7.25], "texture": "#1"}
			}
		},
		{
			"from": [5.65, 4, 11.72],
			"to": [7.46, 7, 14.25],
			"rotation": {"angle": -45, "axis": "y", "origin": [11.26934, 0.5, 11.26989]},
			"faces": {
				"north": {"uv": [6.5, 0.75, 7, 1.5], "texture": "#1"},
				"east": {"uv": [2.25, 4.75, 3, 5.5], "texture": "#1"},
				"south": {"uv": [1, 6.5, 1.5, 7.25], "texture": "#1"},
				"west": {"uv": [4.75, 2.25, 5.5, 3], "texture": "#1"},
				"up": {"uv": [2, 7.25, 1.5, 6.5], "texture": "#1"},
				"down": {"uv": [7, 1.5, 6.5, 2.25], "texture": "#1"}
			}
		},
		{
			"from": [5.7, 4, 8.35],
			"to": [7.63, 7, 10.85],
			"rotation": {"angle": -45, "axis": "y", "origin": [11.26934, 0.5, 11.26989]},
			"faces": {
				"north": {"uv": [6.5, 2.25, 7, 3], "texture": "#1"},
				"east": {"uv": [4.75, 3, 5.5, 3.75], "texture": "#1"},
				"south": {"uv": [2.75, 6.5, 3.25, 7.25], "texture": "#1"},
				"west": {"uv": [4.75, 3.75, 5.5, 4.5], "texture": "#1"},
				"up": {"uv": [7, 3.75, 6.5, 3], "texture": "#1"},
				"down": {"uv": [7, 3.75, 6.5, 4.5], "texture": "#1"}
			}
		},
		{
			"from": [6.68, 7, 7.806],
			"to": [9.28, 9, 11.351],
			"rotation": {"angle": 0, "axis": "y", "origin": [6, 0, 4]},
			"faces": {
				"north": {"uv": [6.5, 4.5, 7.25, 5], "texture": "#1"},
				"east": {"uv": [5.5, 3, 6.5, 3.5], "texture": "#1"},
				"south": {"uv": [5, 6.5, 5.75, 7], "texture": "#1"},
				"west": {"uv": [5.5, 3.5, 6.5, 4], "texture": "#1"},
				"up": {"uv": [1.75, 4.25, 1, 3.25], "texture": "#1"},
				"down": {"uv": [2.5, 3.25, 1.75, 4.25], "texture": "#1"}
			}
		},
		{
			"from": [6.725, 7, 4.76],
			"to": [9.305, 9, 8.26],
			"rotation": {"angle": 0, "axis": "y", "origin": [6, 0, 4]},
			"faces": {
				"north": {"uv": [5.75, 6.5, 6.5, 7], "texture": "#1"},
				"east": {"uv": [5.5, 4, 6.5, 4.5], "texture": "#1"},
				"south": {"uv": [6.5, 5.75, 7.25, 6.25], "texture": "#1"},
				"west": {"uv": [5.5, 4.5, 6.5, 5], "texture": "#1"},
				"up": {"uv": [4, 2.75, 3.25, 1.75], "texture": "#1"},
				"down": {"uv": [4, 2.75, 3.25, 3.75], "texture": "#1"}
			}
		},
		{
			"from": [4.71, 7, 6.732],
			"to": [11.26, 9, 9.382],
			"rotation": {"angle": 0, "axis": "y", "origin": [8.0155, 1.5, 8.007]},
			"faces": {
				"north": {"uv": [1, 2.25, 2.75, 2.75], "texture": "#1"},
				"east": {"uv": [6.5, 6.25, 7.25, 6.75], "texture": "#1"},
				"south": {"uv": [1, 2.75, 2.75, 3.25], "texture": "#1"},
				"west": {"uv": [2, 6.75, 2.75, 7.25], "texture": "#1"},
				"up": {"uv": [1.75, 0.75, 0, 0], "texture": "#1"},
				"down": {"uv": [1.75, 0.75, 0, 1.5], "texture": "#1"}
			}
		},
		{
			"from": [5.3, 7, 5.35],
			"to": [8.17, 9, 8.75],
			"rotation": {"angle": 45, "axis": "y", "origin": [6.70711, 0.5, 6.82843]},
			"faces": {
				"north": {"uv": [6.5, 6.75, 7.25, 7.25], "texture": "#1"},
				"east": {"uv": [7, 0, 7.75, 0.5], "texture": "#1"},
				"south": {"uv": [7, 0.5, 7.75, 1], "texture": "#1"},
				"west": {"uv": [7, 1, 7.75, 1.5], "texture": "#1"},
				"up": {"uv": [5.5, 5.25, 4.75, 4.5], "texture": "#1"},
				"down": {"uv": [0.75, 5, 0, 5.75], "texture": "#1"}
			}
		},
		{
			"from": [5.31, 7, 8.45],
			"to": [8.125, 9, 11.85],
			"rotation": {"angle": 45, "axis": "y", "origin": [6.70711, 0.5, 6.82843]},
			"faces": {
				"north": {"uv": [7, 1.5, 7.75, 2], "texture": "#1"},
				"east": {"uv": [7, 2, 7.75, 2.5], "texture": "#1"},
				"south": {"uv": [7, 2.5, 7.75, 3], "texture": "#1"},
				"west": {"uv": [7, 3, 7.75, 3.5], "texture": "#1"},
				"up": {"uv": [5.75, 0.75, 5, 0], "texture": "#1"},
				"down": {"uv": [1.5, 5, 0.75, 5.75], "texture": "#1"}
			}
		},
		{
			"from": [5.29, 7, 11.15],
			"to": [8.1, 9, 14.58],
			"rotation": {"angle": -45, "axis": "y", "origin": [11.26934, 0.5, 11.26989]},
			"faces": {
				"north": {"uv": [3.25, 7, 4, 7.5], "texture": "#1"},
				"east": {"uv": [7, 3.5, 7.75, 4], "texture": "#1"},
				"south": {"uv": [4, 7, 4.75, 7.5], "texture": "#1"},
				"west": {"uv": [7, 4, 7.75, 4.5], "texture": "#1"},
				"up": {"uv": [5.75, 1.5, 5, 0.75], "texture": "#1"},
				"down": {"uv": [2.25, 5, 1.5, 5.75], "texture": "#1"}
			}
		},
		{
			"from": [5.25, 7, 8.07],
			"to": [8.08, 9, 11.42],
			"rotation": {"angle": -45, "axis": "y", "origin": [11.26934, 0.5, 11.26989]},
			"faces": {
				"north": {"uv": [4.75, 7, 5.5, 7.5], "texture": "#1"},
				"east": {"uv": [5.5, 7, 6.25, 7.5], "texture": "#1"},
				"south": {"uv": [0, 7.25, 0.75, 7.75], "texture": "#1"},
				"west": {"uv": [0.75, 7.25, 1.5, 7.75], "texture": "#1"},
				"up": {"uv": [3.75, 5.75, 3, 5], "texture": "#1"},
				"down": {"uv": [4.5, 5, 3.75, 5.75], "texture": "#1"}
			}
		},
		{
			"from": [7, 9, 4],
			"to": [9, 10.1, 12],
			"rotation": {"angle": 0, "axis": "y", "origin": [4, 0, 4]},
			"faces": {
				"north": {"uv": [4.75, 9.25, 5.25, 9.5], "texture": "#1"},
				"east": {"uv": [5.5, 5, 7.5, 5.25], "texture": "#1"},
				"south": {"uv": [9.25, 4.75, 9.75, 5], "texture": "#1"},
				"west": {"uv": [5.5, 5.25, 7.5, 5.5], "texture": "#1"},
				"up": {"uv": [0.5, 4.25, 0, 2.25], "texture": "#1"},
				"down": {"uv": [1, 2.25, 0.5, 4.25], "texture": "#1"}
			}
		},
		{
			"from": [9, 9, 7],
			"to": [12, 10.1, 9],
			"rotation": {"angle": 0, "axis": "y", "origin": [8, 9.5, 8]},
			"faces": {
				"north": {"uv": [7.75, 7.25, 8.5, 7.5], "texture": "#1"},
				"east": {"uv": [5.25, 9.25, 5.75, 9.5], "texture": "#1"},
				"south": {"uv": [8.25, 7.5, 9, 7.75], "texture": "#1"},
				"west": {"uv": [9.25, 5.5, 9.75, 5.75], "texture": "#1"},
				"up": {"uv": [2.25, 7.75, 1.5, 7.25], "texture": "#1"},
				"down": {"uv": [3, 7.25, 2.25, 7.75], "texture": "#1"}
			}
		},
		{
			"from": [4, 9, 7],
			"to": [7, 10.1, 9],
			"rotation": {"angle": 0, "axis": "y", "origin": [8, 9.5, 8]},
			"faces": {
				"north": {"uv": [8.25, 7.75, 9, 8], "texture": "#1"},
				"east": {"uv": [5.75, 9.25, 6.25, 9.5], "texture": "#1"},
				"south": {"uv": [0, 8.5, 0.75, 8.75], "texture": "#1"},
				"west": {"uv": [9.25, 5.75, 9.75, 6], "texture": "#1"},
				"up": {"uv": [8, 5, 7.25, 4.5], "texture": "#1"},
				"down": {"uv": [8, 5.5, 7.25, 6], "texture": "#1"}
			}
		},
		{
			"from": [5.66, 9, 4.23],
			"to": [7.16, 10.1, 5.23],
			"rotation": {"angle": 22.5, "axis": "y", "origin": [6.5, 9.5, 4.5]},
			"faces": {
				"north": {"uv": [9.25, 7.25, 9.75, 7.5], "texture": "#1"},
				"east": {"uv": [2.75, 9.75, 3, 10], "texture": "#1"},
				"south": {"uv": [7.5, 9.25, 8, 9.5], "texture": "#1"},
				"west": {"uv": [3, 9.75, 3.25, 10], "texture": "#1"},
				"up": {"uv": [8.5, 9.5, 8, 9.25], "texture": "#1"},
				"down": {"uv": [9.75, 8, 9.25, 8.25], "texture": "#1"}
			}
		},
		{
			"from": [4.52, 9, 4.57],
			"to": [6.005, 10.1, 5.57],
			"rotation": {"angle": 45, "axis": "y", "origin": [5.81196, 9.5, 5.03395]},
			"faces": {
				"north": {"uv": [3.25, 9.75, 3.5, 10], "texture": "#1"},
				"east": {"uv": [3.5, 9.75, 3.75, 10], "texture": "#1"},
				"south": {"uv": [3.75, 9.75, 4, 10], "texture": "#1"},
				"west": {"uv": [4, 9.75, 4.25, 10], "texture": "#1"},
				"up": {"uv": [4.5, 10, 4.25, 9.75], "texture": "#1"},
				"down": {"uv": [4.75, 9.75, 4.5, 10], "texture": "#1"}
			}
		},
		{
			"from": [4.405, 9, 5.32],
			"to": [5.405, 10.1, 6.82],
			"rotation": {"angle": -22.5, "axis": "y", "origin": [3.73323, 9.5, 5.89498]},
			"faces": {
				"north": {"uv": [9.75, 4.5, 10, 4.75], "texture": "#1"},
				"east": {"uv": [4.75, 9.75, 5, 10], "texture": "#1"},
				"south": {"uv": [9.75, 4.75, 10, 5], "texture": "#1"},
				"west": {"uv": [5, 9.75, 5.25, 10], "texture": "#1"},
				"up": {"uv": [5.5, 10, 5.25, 9.75], "texture": "#1"},
				"down": {"uv": [5.75, 9.75, 5.5, 10], "texture": "#1"}
			}
		},
		{
			"from": [5.66, 9, 10.77],
			"to": [7.16, 10.1, 11.77],
			"rotation": {"angle": -22.5, "axis": "y", "origin": [6.5, 9.5, 11.5]},
			"faces": {
				"north": {"uv": [9.25, 8.25, 9.75, 8.5], "texture": "#1"},
				"east": {"uv": [9.75, 5.5, 10, 5.75], "texture": "#1"},
				"south": {"uv": [8.5, 9.25, 9, 9.5], "texture": "#1"},
				"west": {"uv": [5.75, 9.75, 6, 10], "texture": "#1"},
				"up": {"uv": [9.5, 9.5, 9, 9.25], "texture": "#1"},
				"down": {"uv": [0.75, 9.5, 0.25, 9.75], "texture": "#1"}
			}
		},
		{
			"from": [4.405, 9, 9.18],
			"to": [5.405, 10.1, 10.68],
			"rotation": {"angle": 22.5, "axis": "y", "origin": [3.73323, 9.5, 10.10502]},
			"faces": {
				"north": {"uv": [9.75, 5.75, 10, 6], "texture": "#1"},
				"east": {"uv": [0.75, 9.5, 1.25, 9.75], "texture": "#1"},
				"south": {"uv": [6, 9.75, 6.25, 10], "texture": "#1"},
				"west": {"uv": [1.25, 9.5, 1.75, 9.75], "texture": "#1"},
				"up": {"uv": [2.5, 4.75, 2.25, 4.25], "texture": "#1"},
				"down": {"uv": [4.75, 3.75, 4.5, 4.25], "texture": "#1"}
			}
		},
		{
			"from": [4.52, 9, 10.43],
			"to": [6.005, 10.1, 11.43],
			"rotation": {"angle": -45, "axis": "y", "origin": [5.81196, 9.5, 10.96605]},
			"faces": {
				"north": {"uv": [6.25, 9.75, 6.5, 10], "texture": "#1"},
				"east": {"uv": [9.75, 6.25, 10, 6.5], "texture": "#1"},
				"south": {"uv": [6.5, 9.75, 6.75, 10], "texture": "#1"},
				"west": {"uv": [9.75, 6.5, 10, 6.75], "texture": "#1"},
				"up": {"uv": [10, 7, 9.75, 6.75], "texture": "#1"},
				"down": {"uv": [7.25, 9.75, 7, 10], "texture": "#1"}
			}
		},
		{
			"from": [9.995, 9, 10.43],
			"to": [11.48, 10.1, 11.43],
			"rotation": {"angle": 45, "axis": "y", "origin": [10.18804, 9.5, 10.96605]},
			"faces": {
				"north": {"uv": [9.75, 7, 10, 7.25], "texture": "#1"},
				"east": {"uv": [7.25, 9.75, 7.5, 10], "texture": "#1"},
				"south": {"uv": [9.75, 7.25, 10, 7.5], "texture": "#1"},
				"west": {"uv": [7.5, 9.75, 7.75, 10], "texture": "#1"},
				"up": {"uv": [10, 7.75, 9.75, 7.5], "texture": "#1"},
				"down": {"uv": [8, 9.75, 7.75, 10], "texture": "#1"}
			}
		},
		{
			"from": [10.595, 9, 9.18],
			"to": [11.595, 10.1, 10.68],
			"rotation": {"angle": -22.5, "axis": "y", "origin": [12.26677, 9.5, 10.10502]},
			"faces": {
				"north": {"uv": [9.75, 7.75, 10, 8], "texture": "#1"},
				"east": {"uv": [9.5, 1.25, 10, 1.5], "texture": "#1"},
				"south": {"uv": [8, 9.75, 8.25, 10], "texture": "#1"},
				"west": {"uv": [9.5, 1.5, 10, 1.75], "texture": "#1"},
				"up": {"uv": [1.75, 6.5, 1.5, 6], "texture": "#1"},
				"down": {"uv": [3, 6, 2.75, 6.5], "texture": "#1"}
			}
		},
		{
			"from": [8.84, 9, 10.77],
			"to": [10.34, 10.1, 11.77],
			"rotation": {"angle": 22.5, "axis": "y", "origin": [9.5, 9.5, 11.5]},
			"faces": {
				"north": {"uv": [1.75, 9.5, 2.25, 9.75], "texture": "#1"},
				"east": {"uv": [9.75, 8, 10, 8.25], "texture": "#1"},
				"south": {"uv": [9.5, 1.75, 10, 2], "texture": "#1"},
				"west": {"uv": [8.25, 9.75, 8.5, 10], "texture": "#1"},
				"up": {"uv": [10, 2.25, 9.5, 2], "texture": "#1"},
				"down": {"uv": [2.75, 9.5, 2.25, 9.75], "texture": "#1"}
			}
		},
		{
			"from": [9.995, 9, 4.57],
			"to": [11.48, 10.1, 5.57],
			"rotation": {"angle": -45, "axis": "y", "origin": [10.18804, 9.5, 5.03395]},
			"faces": {
				"north": {"uv": [9.75, 8.25, 10, 8.5], "texture": "#1"},
				"east": {"uv": [8.5, 9.75, 8.75, 10], "texture": "#1"},
				"south": {"uv": [9.75, 8.5, 10, 8.75], "texture": "#1"},
				"west": {"uv": [8.75, 9.75, 9, 10], "texture": "#1"},
				"up": {"uv": [10, 9, 9.75, 8.75], "texture": "#1"},
				"down": {"uv": [9.25, 9.75, 9, 10], "texture": "#1"}
			}
		},
		{
			"from": [8.84, 9, 4.23],
			"to": [10.34, 10.1, 5.23],
			"rotation": {"angle": -22.5, "axis": "y", "origin": [9.5, 9.5, 4.5]},
			"faces": {
				"north": {"uv": [9.5, 2.25, 10, 2.5], "texture": "#1"},
				"east": {"uv": [9.75, 9, 10, 9.25], "texture": "#1"},
				"south": {"uv": [9.5, 2.5, 10, 2.75], "texture": "#1"},
				"west": {"uv": [9.25, 9.75, 9.5, 10], "texture": "#1"},
				"up": {"uv": [3.25, 9.75, 2.75, 9.5], "texture": "#1"},
				"down": {"uv": [10, 2.75, 9.5, 3], "texture": "#1"}
			}
		},
		{
			"from": [10.595, 9, 5.32],
			"to": [11.595, 10.1, 6.82],
			"rotation": {"angle": 22.5, "axis": "y", "origin": [12.26677, 9.5, 5.89498]},
			"faces": {
				"north": {"uv": [9.75, 9.25, 10, 9.5], "texture": "#1"},
				"east": {"uv": [9.5, 9.75, 9.75, 10], "texture": "#1"},
				"south": {"uv": [9.75, 9.5, 10, 9.75], "texture": "#1"},
				"west": {"uv": [9.75, 9.75, 10, 10], "texture": "#1"},
				"up": {"uv": [0.25, 10.25, 0, 10], "texture": "#1"},
				"down": {"uv": [10.25, 0, 10, 0.25], "texture": "#1"}
			}
		},
		{
			"from": [5, 9, 6],
			"to": [11, 10.1, 7],
			"rotation": {"angle": 0, "axis": "y", "origin": [4, 0, 4]},
			"faces": {
				"north": {"uv": [7.25, 6, 8.75, 6.25], "texture": "#1"},
				"east": {"uv": [0.25, 10, 0.5, 10.25], "texture": "#1"},
				"south": {"uv": [6.25, 7.25, 7.75, 7.5], "texture": "#1"},
				"west": {"uv": [10, 0.25, 10.25, 0.5], "texture": "#1"},
				"up": {"uv": [8.75, 6.5, 7.25, 6.25], "texture": "#1"},
				"down": {"uv": [8.75, 6.5, 7.25, 6.75], "texture": "#1"}
			}
		},
		{
			"from": [5, 9, 9],
			"to": [11, 10.1, 10],
			"rotation": {"angle": 0, "axis": "y", "origin": [4, 0, 4]},
			"faces": {
				"north": {"uv": [7.25, 6.75, 8.75, 7], "texture": "#1"},
				"east": {"uv": [0.5, 10, 0.75, 10.25], "texture": "#1"},
				"south": {"uv": [7.25, 7, 8.75, 7.25], "texture": "#1"},
				"west": {"uv": [10, 0.5, 10.25, 0.75], "texture": "#1"},
				"up": {"uv": [4.5, 7.75, 3, 7.5], "texture": "#1"},
				"down": {"uv": [6, 7.5, 4.5, 7.75], "texture": "#1"}
			}
		},
		{
			"from": [5.6, 9, 5],
			"to": [10.6, 10.1, 6],
			"rotation": {"angle": 0, "axis": "y", "origin": [4, 0, 4]},
			"faces": {
				"north": {"uv": [0, 7.75, 1.25, 8], "texture": "#1"},
				"east": {"uv": [0.75, 10, 1, 10.25], "texture": "#1"},
				"south": {"uv": [7.75, 0, 9, 0.25], "texture": "#1"},
				"west": {"uv": [10, 0.75, 10.25, 1], "texture": "#1"},
				"up": {"uv": [9, 0.5, 7.75, 0.25], "texture": "#1"},
				"down": {"uv": [9, 0.5, 7.75, 0.75], "texture": "#1"}
			}
		},
		{
			"from": [5.6, 9, 10],
			"to": [10.6, 10.1, 11],
			"rotation": {"angle": 0, "axis": "y", "origin": [4, 0, 4]},
			"faces": {
				"north": {"uv": [7.75, 0.75, 9, 1], "texture": "#1"},
				"east": {"uv": [1, 10, 1.25, 10.25], "texture": "#1"},
				"south": {"uv": [7.75, 1, 9, 1.25], "texture": "#1"},
				"west": {"uv": [10, 1, 10.25, 1.25], "texture": "#1"},
				"up": {"uv": [2.5, 8, 1.25, 7.75], "texture": "#1"},
				"down": {"uv": [9, 1.25, 7.75, 1.5], "texture": "#1"}
			}
		},
		{
			"from": [7.15, 10, 4.35],
			"to": [8.85, 11, 11.65],
			"rotation": {"angle": 0, "axis": "y", "origin": [4, 0, 4]},
			"faces": {
				"north": {"uv": [9.5, 3, 10, 3.25], "texture": "#1"},
				"east": {"uv": [5.5, 5.5, 7.25, 5.75], "texture": "#1"},
				"south": {"uv": [3.25, 9.5, 3.75, 9.75], "texture": "#1"},
				"west": {"uv": [0, 5.75, 1.75, 6], "texture": "#1"},
				"up": {"uv": [3.25, 4, 2.75, 2.25], "texture": "#1"},
				"down": {"uv": [3.75, 0, 3.25, 1.75], "texture": "#1"}
			}
		},
		{
			"from": [8.85, 10, 7.15],
			"to": [11.65, 11, 8.85],
			"rotation": {"angle": 0, "axis": "y", "origin": [8, 9.5, 8]},
			"faces": {
				"north": {"uv": [0.75, 8.5, 1.5, 8.75], "texture": "#1"},
				"east": {"uv": [9.5, 3.25, 10, 3.5], "texture": "#1"},
				"south": {"uv": [1.5, 8.5, 2.25, 8.75], "texture": "#1"},
				"west": {"uv": [9.5, 3.5, 10, 3.75], "texture": "#1"},
				"up": {"uv": [8.25, 5.5, 7.5, 5], "texture": "#1"},
				"down": {"uv": [6.75, 7.5, 6, 8], "texture": "#1"}
			}
		},
		{
			"from": [4.35, 10, 7.15],
			"to": [7.15, 11, 8.85],
			"rotation": {"angle": 0, "axis": "y", "origin": [8, 9.5, 8]},
			"faces": {
				"north": {"uv": [8.5, 4.5, 9.25, 4.75], "texture": "#1"},
				"east": {"uv": [3.75, 9.5, 4.25, 9.75], "texture": "#1"},
				"south": {"uv": [8.5, 4.75, 9.25, 5], "texture": "#1"},
				"west": {"uv": [9.5, 3.75, 10, 4], "texture": "#1"},
				"up": {"uv": [7.5, 8, 6.75, 7.5], "texture": "#1"},
				"down": {"uv": [8.25, 7.5, 7.5, 8], "texture": "#1"}
			}
		},
		{
			"from": [5.76, 10, 4.61],
			"to": [7.16, 11, 7.91],
			"rotation": {"angle": 22.5, "axis": "y", "origin": [6.5, 9.5, 4.5]},
			"faces": {
				"north": {"uv": [1.25, 10, 1.5, 10.25], "texture": "#1"},
				"east": {"uv": [5.5, 8.5, 6.25, 8.75], "texture": "#1"},
				"south": {"uv": [10, 1.25, 10.25, 1.5], "texture": "#1"},
				"west": {"uv": [8.5, 5.5, 9.25, 5.75], "texture": "#1"},
				"up": {"uv": [3.25, 2.25, 3, 1.5], "texture": "#1"},
				"down": {"uv": [2.75, 3.25, 2.5, 4], "texture": "#1"}
			}
		},
		{
			"from": [4.57, 10, 4.96],
			"to": [5.955, 11, 8.26],
			"rotation": {"angle": 45, "axis": "y", "origin": [5.81196, 9.5, 5.03395]},
			"faces": {
				"north": {"uv": [1.5, 10, 1.75, 10.25], "texture": "#1"},
				"east": {"uv": [8.5, 5.75, 9.25, 6], "texture": "#1"},
				"south": {"uv": [10, 1.5, 10.25, 1.75], "texture": "#1"},
				"west": {"uv": [6.25, 8.5, 7, 8.75], "texture": "#1"},
				"up": {"uv": [2.5, 9.25, 2.25, 8.5], "texture": "#1"},
				"down": {"uv": [7.25, 8.5, 7, 9.25], "texture": "#1"}
			}
		},
		{
			"from": [4.78, 10, 5.42],
			"to": [8.08, 11, 6.82],
			"rotation": {"angle": -22.5, "axis": "y", "origin": [3.73323, 9.5, 5.89498]},
			"faces": {
				"north": {"uv": [7.25, 8.5, 8, 8.75], "texture": "#1"},
				"east": {"uv": [1.75, 10, 2, 10.25], "texture": "#1"},
				"south": {"uv": [8.5, 7.25, 9.25, 7.5], "texture": "#1"},
				"west": {"uv": [10, 1.75, 10.25, 2], "texture": "#1"},
				"up": {"uv": [8.75, 8.75, 8, 8.5], "texture": "#1"},
				"down": {"uv": [9.25, 8, 8.5, 8.25], "texture": "#1"}
			}
		},
		{
			"from": [5.76, 10, 8.09],
			"to": [7.16, 11, 11.39],
			"rotation": {"angle": -22.5, "axis": "y", "origin": [6.5, 9.5, 11.5]},
			"faces": {
				"north": {"uv": [2, 10, 2.25, 10.25], "texture": "#1"},
				"east": {"uv": [8.5, 8.25, 9.25, 8.5], "texture": "#1"},
				"south": {"uv": [10, 2, 10.25, 2.25], "texture": "#1"},
				"west": {"uv": [0, 8.75, 0.75, 9], "texture": "#1"},
				"up": {"uv": [1, 9.5, 0.75, 8.75], "texture": "#1"},
				"down": {"uv": [1.25, 8.75, 1, 9.5], "texture": "#1"}
			}
		},
		{
			"from": [4.78, 10, 9.18],
			"to": [8.08, 11, 10.58],
			"rotation": {"angle": 22.5, "axis": "y", "origin": [3.73323, 9.5, 10.10502]},
			"faces": {
				"north": {"uv": [1.25, 8.75, 2, 9], "texture": "#1"},
				"east": {"uv": [2.25, 10, 2.5, 10.25], "texture": "#1"},
				"south": {"uv": [8.75, 1.5, 9.5, 1.75], "texture": "#1"},
				"west": {"uv": [10, 2.25, 10.25, 2.5], "texture": "#1"},
				"up": {"uv": [9.5, 2, 8.75, 1.75], "texture": "#1"},
				"down": {"uv": [9.5, 2, 8.75, 2.25], "texture": "#1"}
			}
		},
		{
			"from": [4.57, 10, 7.75],
			"to": [5.955, 11, 11.05],
			"rotation": {"angle": -45, "axis": "y", "origin": [5.81196, 9.5, 10.96605]},
			"faces": {
				"north": {"uv": [2.5, 10, 2.75, 10.25], "texture": "#1"},
				"east": {"uv": [8.75, 2.25, 9.5, 2.5], "texture": "#1"},
				"south": {"uv": [10, 2.5, 10.25, 2.75], "texture": "#1"},
				"west": {"uv": [2.5, 8.75, 3.25, 9], "texture": "#1"},
				"up": {"uv": [2.25, 9.5, 2, 8.75], "texture": "#1"},
				"down": {"uv": [9, 2.5, 8.75, 3.25], "texture": "#1"}
			}
		},
		{
			"from": [10.045, 10, 7.74],
			"to": [11.43, 11, 11.04],
			"rotation": {"angle": 45, "axis": "y", "origin": [10.18804, 9.5, 10.96605]},
			"faces": {
				"north": {"uv": [2.75, 10, 3, 10.25], "texture": "#1"},
				"east": {"uv": [3.25, 8.75, 4, 9], "texture": "#1"},
				"south": {"uv": [10, 2.75, 10.25, 3], "texture": "#1"},
				"west": {"uv": [8.75, 3.25, 9.5, 3.5], "texture": "#1"},
				"up": {"uv": [9, 4.25, 8.75, 3.5], "texture": "#1"},
				"down": {"uv": [4.25, 8.75, 4, 9.5], "texture": "#1"}
			}
		},
		{
			"from": [7.92, 10, 9.18],
			"to": [11.22, 11, 10.58],
			"rotation": {"angle": -22.5, "axis": "y", "origin": [12.26677, 9.5, 10.10502]},
			"faces": {
				"north": {"uv": [4.25, 8.75, 5, 9], "texture": "#1"},
				"east": {"uv": [3, 10, 3.25, 10.25], "texture": "#1"},
				"south": {"uv": [8.75, 4.25, 9.5, 4.5], "texture": "#1"},
				"west": {"uv": [10, 3, 10.25, 3.25], "texture": "#1"},
				"up": {"uv": [5.75, 9, 5, 8.75], "texture": "#1"},
				"down": {"uv": [9.5, 5, 8.75, 5.25], "texture": "#1"}
			}
		},
		{
			"from": [8.84, 10, 8.09],
			"to": [10.24, 11, 11.39],
			"rotation": {"angle": 22.5, "axis": "y", "origin": [9.5, 9.5, 11.5]},
			"faces": {
				"north": {"uv": [3.25, 10, 3.5, 10.25], "texture": "#1"},
				"east": {"uv": [8.75, 5.25, 9.5, 5.5], "texture": "#1"},
				"south": {"uv": [10, 3.25, 10.25, 3.5], "texture": "#1"},
				"west": {"uv": [5.75, 8.75, 6.5, 9], "texture": "#1"},
				"up": {"uv": [9, 6.75, 8.75, 6], "texture": "#1"},
				"down": {"uv": [6.75, 8.75, 6.5, 9.5], "texture": "#1"}
			}
		},
		{
			"from": [10.045, 10, 4.96],
			"to": [11.43, 11, 8.26],
			"rotation": {"angle": -45, "axis": "y", "origin": [10.18804, 9.5, 5.03395]},
			"faces": {
				"north": {"uv": [3.5, 10, 3.75, 10.25], "texture": "#1"},
				"east": {"uv": [8.75, 6.75, 9.5, 7], "texture": "#1"},
				"south": {"uv": [10, 3.5, 10.25, 3.75], "texture": "#1"},
				"west": {"uv": [8.75, 7, 9.5, 7.25], "texture": "#1"},
				"up": {"uv": [7, 9.5, 6.75, 8.75], "texture": "#1"},
				"down": {"uv": [7.5, 8.75, 7.25, 9.5], "texture": "#1"}
			}
		},
		{
			"from": [8.84, 10, 4.61],
			"to": [10.24, 11, 7.91],
			"rotation": {"angle": -22.5, "axis": "y", "origin": [9.5, 9.5, 4.5]},
			"faces": {
				"north": {"uv": [3.75, 10, 4, 10.25], "texture": "#1"},
				"east": {"uv": [7.5, 8.75, 8.25, 9], "texture": "#1"},
				"south": {"uv": [10, 3.75, 10.25, 4], "texture": "#1"},
				"west": {"uv": [8.25, 8.75, 9, 9], "texture": "#1"},
				"up": {"uv": [0.25, 9.75, 0, 9], "texture": "#1"},
				"down": {"uv": [9.25, 0, 9, 0.75], "texture": "#1"}
			}
		},
		{
			"from": [7.92, 10, 5.42],
			"to": [11.22, 11, 6.82],
			"rotation": {"angle": 22.5, "axis": "y", "origin": [12.26677, 9.5, 5.89498]},
			"faces": {
				"north": {"uv": [8.75, 8.5, 9.5, 8.75], "texture": "#1"},
				"east": {"uv": [4, 10, 4.25, 10.25], "texture": "#1"},
				"south": {"uv": [9, 0.75, 9.75, 1], "texture": "#1"},
				"west": {"uv": [10, 4, 10.25, 4.25], "texture": "#1"},
				"up": {"uv": [9.75, 1.25, 9, 1], "texture": "#1"},
				"down": {"uv": [2, 9, 1.25, 9.25], "texture": "#1"}
			}
		},
		{
			"from": [4.35, 11, 7.15],
			"to": [4.65, 11.2, 8.85],
			"rotation": {"angle": 0, "axis": "y", "origin": [8, 9.5, 8]},
			"faces": {
				"north": {"uv": [4.25, 10, 4.5, 10.25], "texture": "#1"},
				"east": {"uv": [9.5, 4, 10, 4.25], "texture": "#1"},
				"south": {"uv": [10, 4.25, 10.25, 4.5], "texture": "#1"},
				"west": {"uv": [4.25, 9.5, 4.75, 9.75], "texture": "#1"},
				"up": {"uv": [3.5, 7, 3.25, 6.5], "texture": "#1"},
				"down": {"uv": [6.5, 9, 6.25, 9.5], "texture": "#1"}
			}
		},
		{
			"from": [4.57, 11, 10.74],
			"to": [5.955, 11.15, 11.04],
			"rotation": {"angle": -45, "axis": "y", "origin": [5.81196, 9.5, 10.96605]},
			"faces": {
				"north": {"uv": [4.5, 10, 4.75, 10.25], "texture": "#1"},
				"east": {"uv": [10, 4.5, 10.25, 4.75], "texture": "#1"},
				"south": {"uv": [4.75, 10, 5, 10.25], "texture": "#1"},
				"west": {"uv": [10, 4.75, 10.25, 5], "texture": "#1"},
				"up": {"uv": [5.25, 10.25, 5, 10], "texture": "#1"},
				"down": {"uv": [10.25, 5, 10, 5.25], "texture": "#1"}
			}
		},
		{
			"from": [4.78, 11, 9.18],
			"to": [5.08, 11.2, 10.58],
			"rotation": {"angle": 22.5, "axis": "y", "origin": [3.73323, 9.5, 10.10502]},
			"faces": {
				"north": {"uv": [5.25, 10, 5.5, 10.25], "texture": "#1"},
				"east": {"uv": [10, 5.25, 10.25, 5.5], "texture": "#1"},
				"south": {"uv": [5.5, 10, 5.75, 10.25], "texture": "#1"},
				"west": {"uv": [10, 5.5, 10.25, 5.75], "texture": "#1"},
				"up": {"uv": [6, 10.25, 5.75, 10], "texture": "#1"},
				"down": {"uv": [10.25, 5.75, 10, 6], "texture": "#1"}
			}
		},
		{
			"from": [5.76, 11, 11.09],
			"to": [7.16, 11.1, 11.39],
			"rotation": {"angle": -22.5, "axis": "y", "origin": [6.5, 9.5, 11.5]},
			"faces": {
				"north": {"uv": [6, 10, 6.25, 10.25], "texture": "#1"},
				"east": {"uv": [10, 6, 10.25, 6.25], "texture": "#1"},
				"south": {"uv": [6.25, 10, 6.5, 10.25], "texture": "#1"},
				"west": {"uv": [10, 6.25, 10.25, 6.5], "texture": "#1"},
				"up": {"uv": [6.75, 10.25, 6.5, 10], "texture": "#1"},
				"down": {"uv": [10.25, 6.5, 10, 6.75], "texture": "#1"}
			}
		},
		{
			"from": [4.57, 11, 4.96],
			"to": [5.955, 11.15, 5.26],
			"rotation": {"angle": 45, "axis": "y", "origin": [5.81196, 9.5, 5.03395]},
			"faces": {
				"north": {"uv": [6.75, 10, 7, 10.25], "texture": "#1"},
				"east": {"uv": [10, 6.75, 10.25, 7], "texture": "#1"},
				"south": {"uv": [7, 10, 7.25, 10.25], "texture": "#1"},
				"west": {"uv": [10, 7, 10.25, 7.25], "texture": "#1"},
				"up": {"uv": [7.5, 10.25, 7.25, 10], "texture": "#1"},
				"down": {"uv": [10.25, 7.25, 10, 7.5], "texture": "#1"}
			}
		},
		{
			"from": [5.76, 11, 4.61],
			"to": [7.16, 11.1, 4.91],
			"rotation": {"angle": 22.5, "axis": "y", "origin": [6.5, 9.5, 4.5]},
			"faces": {
				"north": {"uv": [7.5, 10, 7.75, 10.25], "texture": "#1"},
				"east": {"uv": [10, 7.5, 10.25, 7.75], "texture": "#1"},
				"south": {"uv": [7.75, 10, 8, 10.25], "texture": "#1"},
				"west": {"uv": [10, 7.75, 10.25, 8], "texture": "#1"},
				"up": {"uv": [8.25, 10.25, 8, 10], "texture": "#1"},
				"down": {"uv": [10.25, 8, 10, 8.25], "texture": "#1"}
			}
		},
		{
			"from": [4.78, 11, 5.42],
			"to": [5.08, 11.2, 6.82],
			"rotation": {"angle": -22.5, "axis": "y", "origin": [3.73323, 9.5, 5.89498]},
			"faces": {
				"north": {"uv": [8.25, 10, 8.5, 10.25], "texture": "#1"},
				"east": {"uv": [10, 8.25, 10.25, 8.5], "texture": "#1"},
				"south": {"uv": [8.5, 10, 8.75, 10.25], "texture": "#1"},
				"west": {"uv": [10, 8.5, 10.25, 8.75], "texture": "#1"},
				"up": {"uv": [9, 10.25, 8.75, 10], "texture": "#1"},
				"down": {"uv": [10.25, 8.75, 10, 9], "texture": "#1"}
			}
		},
		{
			"from": [7.15, 11, 4.35],
			"to": [8.85, 11.1, 4.65],
			"rotation": {"angle": 0, "axis": "y", "origin": [4, 0, 4]},
			"faces": {
				"north": {"uv": [9.5, 4.25, 10, 4.5], "texture": "#1"},
				"east": {"uv": [9, 10, 9.25, 10.25], "texture": "#1"},
				"south": {"uv": [4.75, 9.5, 5.25, 9.75], "texture": "#1"},
				"west": {"uv": [10, 9, 10.25, 9.25], "texture": "#1"},
				"up": {"uv": [10, 5.25, 9.5, 5], "texture": "#1"},
				"down": {"uv": [5.75, 9.5, 5.25, 9.75], "texture": "#1"}
			}
		},
		{
			"from": [7.15, 11, 11.35],
			"to": [8.85, 11.1, 11.65],
			"rotation": {"angle": 0, "axis": "y", "origin": [8, 11.05, 11.5]},
			"faces": {
				"north": {"uv": [5.75, 9.5, 6.25, 9.75], "texture": "#1"},
				"east": {"uv": [10, 9.25, 10.25, 9.5], "texture": "#1"},
				"south": {"uv": [9.5, 5.25, 10, 5.5], "texture": "#1"},
				"west": {"uv": [9.25, 10, 9.5, 10.25], "texture": "#1"},
				"up": {"uv": [10, 6.25, 9.5, 6], "rotation": 180, "texture": "#1"},
				"down": {"uv": [6.75, 9.5, 6.25, 9.75], "rotation": 180, "texture": "#1"}
			}
		},
		{
			"from": [5, 11, 8],
			"to": [6, 11.8, 9],
			"rotation": {"angle": 0, "axis": "y", "origin": [4, 0, 4]},
			"faces": {
				"north": {"uv": [9.5, 10, 9.75, 10.25], "texture": "#1"},
				"east": {"uv": [10, 9.5, 10.25, 9.75], "texture": "#1"},
				"south": {"uv": [9.75, 10, 10, 10.25], "texture": "#1"},
				"west": {"uv": [10, 9.75, 10.25, 10], "texture": "#1"},
				"up": {"uv": [10.25, 10.25, 10, 10], "texture": "#1"},
				"down": {"uv": [0.25, 10.25, 0, 10.5], "texture": "#1"}
			}
		},
		{
			"from": [5.1, 11.8, 8.1],
			"to": [5.9, 13.6, 8.9],
			"rotation": {"angle": 0, "axis": "y", "origin": [4, 0, 4]},
			"faces": {
				"north": {"uv": [7, 9.25, 7.25, 9.75], "texture": "#1"},
				"east": {"uv": [9.5, 6.25, 9.75, 6.75], "texture": "#1"},
				"south": {"uv": [6.75, 9.5, 7, 10], "texture": "#1"},
				"west": {"uv": [9.5, 6.75, 9.75, 7.25], "texture": "#1"},
				"up": {"uv": [10.5, 0.25, 10.25, 0], "texture": "#1"},
				"down": {"uv": [0.5, 10.25, 0.25, 10.5], "texture": "#1"}
			}
		}
	],
	"display": {
		"thirdperson_righthand": {
			"rotation": [34, 0, 0],
			"translation": [-0.25, 1.75, 0],
			"scale": [0.7, 0.7, 0.7]
		},
		"thirdperson_lefthand": {
			"rotation": [34, 0, 0],
			"translation": [0.25, 1.25, 0],
			"scale": [0.7, 0.7, 0.7]
		},
		"firstperson_righthand": {
			"rotation": [17, 0, 0],
			"translation": [0.75, 2.75, -0.75],
			"scale": [0.7, 0.7, 0.7]
		},
		"firstperson_lefthand": {
			"rotation": [7, 0, 9],
			"translation": [1.5, 2.5, -0.75],
			"scale": [0.7, 0.7, 0.7]
		},
		"ground": {
			"translation": [0, 4, 0]
		},
		"gui": {
			"translation": [0, 1, 0]
		},
		"head": {
			"translation": [-9.75, -0.75, 0.5],
			"scale": [0.7, 0.7, 0.7]
		},
		"fixed": {
			"translation": [-0.25, 1, 0]
		}
	},
	"groups": [
		{
			"name": "奶茶杯",
			"origin": [8, 8, 8],
			"color": 0,
			"children": [
				{
					"name": "一层",
					"origin": [0, 0, 0],
					"color": 0,
					"children": [0, 1, 2, 3, 4, 5, 6]
				},
				{
					"name": "二层",
					"origin": [8, 8, 8],
					"color": 0,
					"children": [7, 8, 9, 10, 11, 12, 13]
				},
				{
					"name": "三层",
					"origin": [8, 8, 8],
					"color": 0,
					"children": [14, 15, 16, 17, 18, 19, 20]
				},
				{
					"name": "四层",
					"origin": [8, 8, 8],
					"color": 0,
					"children": [21, 22, 23, 24, 25, 26, 27]
				},
				{
					"name": "五层",
					"origin": [8, 8, 8],
					"color": 0,
					"children": [28, 29, 30, 31, 32, 33, 34]
				},
				{
					"name": "盖子",
					"origin": [8, 8, 8],
					"color": 0,
					"children": [
						{
							"name": "一层",
							"origin": [8, 8, 8],
							"color": 0,
							"children": [35, 36, 37, 38, 39, 40, 41, 42, 43, 44, 45, 46, 47, 48, 49, 50, 51, 52, 53]
						},
						{
							"name": "二层",
							"origin": [8, 8, 8],
							"color": 0,
							"children": [54, 55, 56, 57, 58, 59, 60, 61, 62, 63, 64, 65, 66, 67, 68]
						},
						{
							"name": "三层",
							"origin": [8, 8, 8],
							"color": 0,
							"children": [69, 70, 71, 72, 73, 74, 75, 76, 77]
						}
					]
				},
				{
					"name": "吸管",
					"origin": [8, 8, 8],
					"color": 0,
					"children": [78, 79]
				}
			]
		}
	]
}