{
  "parent": "block/block",
  "textures": {
    "0": "ld:block/lava_sponge"
  },
  "elements": [
    {
      "from": [-0.001, -0.001, -0.001],
	  "to": [16.001, 16.001, 16.001],
      "faces": {
        "north": {
          "uv": [ 0, 0, 16, 16 ],
          "texture": "#0"
        },
        "east": {
          "uv": [ 0, 0, 16, 16 ],
          "texture": "#0"
        },
        "south": {
          "uv": [ 0, 0, 16, 16 ],
          "texture": "#0"
        },
        "west": {
          "uv": [ 0, 0, 16, 16 ],
          "texture": "#0"
        },
        "up": {
          "uv": [ 0, 0, 16, 16 ],
          "texture": "#0"
        },
        "down": {
          "uv": [ 0, 0, 16, 16 ],
          "texture": "#0"
        }
      }
    }
  ]
}