{
	"credit": "Made with Blockbench",
	"parent": "block/block",
	"textures": {
		"0": "ld:block/chiseled_nether_bricks",
		"1": "ld:block/steel_furnace_lit",
		"2": "ld:block/nether_bricks",
		"particle": "ld:block/chiseled_nether_bricks"
	},
	"elements": [
		{
			"from": [-0.001, -0.001, -0.001],
			"to": [16.001, 16.001, 16.001],
			"faces": {
				"north": {"uv": [0, 0, 16, 16], "texture": "#1"},
				"east": {"uv": [0, 0, 16, 16], "texture": "#1"},
				"south": {"uv": [0, 0, 16, 16], "texture": "#1"},
				"west": {"uv": [0, 0, 16, 16], "texture": "#1"},
				"up": {"uv": [0, 0, 16, 16], "texture": "#0"},
				"down": {"uv": [0, 0, 16, 16], "texture": "#2"}
			}
		}
	]
}