{
	"credit": "Made with Blockbench",
	"parent": "block/block",
	"textures": {
		"1": "ld:block/upgrade_table_front",
		"2": "ld:block/upgrade_table_side",
		"3": "ld:block/upgrade_table_bottom",
		"4": "ld:block/glass",
		"particle": "ld:block/upgrade_table_front"
	},
	"elements": [
		{
			"from": [-0.1, -0.1, -0.1],
			"to": [16.1, 16.1, 16.1],
			"faces": {
				"north": {"uv": [16, 16, 0, 0], "texture": "#4"},
				"east": {"uv": [0, 0, 16, 16], "texture": "#2"},
				"south": {"uv": [0, 0, 16, 16], "texture": "#1"},
				"west": {"uv": [16, 0, 0, 16], "texture": "#2"},
				"up": {"uv": [0, 0, 16, 16], "texture": "#4"},
				"down": {"uv": [0, 0, 16, 16], "texture": "#3"}
			}
		}
	],
	"display": {}
}