{
	"textures": {
		"0": "ld:item/gundyr_halberd"
	},
	"elements": [
		{
			"from": [
				-3.162790697674419,
				-4,
				8
			],
			"to": [
				19.162790697674417,
				20,
				8
			],
			"rotation": {
				"angle": 0,
				"axis": "y",
				"origin": [
					5.767441860465116,
					-0.09302325581395365,
					5.767441860465116
				]
			},
			"faces": {
				"north": {
					"uv": [
						2.9375,
						0,
						12.9375,
						16
					],
					"texture": "#0"
				},
				"south": {
					"uv": [
						12.875,
						0,
						2.875,
						16
					],
					"texture": "#0"
				}
			}
		}
	],
	"display": {
		"head": {
			"rotation": [
				0,
				180,
				0
			]
		}
	}
}